merk,model,kleur,status,bestand,bron_url,fotograaf,licentie
Audi,A1 Sportback,Zwart,ok,images/audi_a1-sportback_zwart.jpg,https://commons.wikimedia.org/wiki/File:Audi_A1_Sportback_GB_Mythos_Black_Metallic_(4).jpg,Damian B Oh,CC BY-SA 4.0
Audi,A1 Sportback,Wit,herkleurd,images/audi_a1-sportback_wit_herkleurd.jpg,https://commons.wikimedia.org/wiki/File:Audi_A1_Sportback_25_TFSI_GB_Manhattan_Grey_Metallic_(7).jpg,Damian B Oh,CC BY-SA 4.0
Audi,A1 Sportback,Grijs metallic,ok,images/audi_a1-sportback_grijs-metallic.jpg,https://commons.wikimedia.org/wiki/File:Audi_A1_Sportback_25_TFSI_GB_Manhattan_Grey_Metallic_(7).jpg,Damian B Oh,CC BY-SA 4.0
Audi,A1 Sportback,Zilver metallic,ok,images/audi_a1-sportback_zilver-metallic.jpg,https://commons.wikimedia.org/wiki/File:Audi_A1_Sportback_8X_FL_Floret_Silver_(6).jpg,Damian B Oh,CC BY-SA 4.0
Audi,A1 Sportback,Blauw metallic,missing,,,,
Audi,A1 Sportback,Rood metallic,missing,,,,
Audi,A1 Sportback,Groen metallic,missing,,,,
Audi,A1 Sportback,Bruin metallic,missing,,,,
Audi,A3 Sportback,Zwart,ok,images/audi_a3-sportback_zwart.jpg,https://commons.wikimedia.org/wiki/File:Audi_A3_Sportback_35_TFSI_Black_Edition_(2019)_(54537518428).jpg,"Charles from Port Chester, New York",CC BY 2.0
Audi,A3 Sportback,Wit,ok,images/audi_a3-sportback_wit.jpg,https://commons.wikimedia.org/wiki/File:Audi_A3_Sportback_e-tron_8V_Glacier_White_Metallic_(4).jpg,Damian B Oh,CC BY-SA 4.0
Audi,A3 Sportback,Grijs metallic,ok,images/audi_a3-sportback_grijs-metallic.jpg,https://commons.wikimedia.org/wiki/File:Audi_A3_Sportback_35_TFSI_S_Line_8Y_Manhattan_Grey_Metallic_(2).jpg,Damian B Oh,CC BY-SA 4.0
Audi,A3 Sportback,Zilver metallic,ok,images/audi_a3-sportback_zilver-metallic.jpg,https://commons.wikimedia.org/wiki/File:Audi_A3_silver_Drammen_9.9.2022.jpg,Peulle,CC BY-SA 4.0
Audi,A3 Sportback,Blauw metallic,herkleurd,images/audi_a3-sportback_blauw-metallic_herkleurd.jpg,https://commons.wikimedia.org/wiki/File:Audi_A3_Sportback_e-tron_8V_Brilliant_Red_(1).jpg,Damian B Oh,CC BY-SA 4.0
Audi,A3 Sportback,Rood metallic,ok,images/audi_a3-sportback_rood-metallic.jpg,https://commons.wikimedia.org/wiki/File:Audi_A3_Sportback_e-tron_8V_Brilliant_Red_(1).jpg,Damian B Oh,CC BY-SA 4.0
Audi,A3 Sportback,Groen metallic,herkleurd,images/audi_a3-sportback_groen-metallic_herkleurd.jpg,https://commons.wikimedia.org/wiki/File:Audi_A3_Sportback_e-tron_8V_Brilliant_Red_(1).jpg,Damian B Oh,CC BY-SA 4.0
Audi,A3 Sportback,Bruin metallic,herkleurd,images/audi_a3-sportback_bruin-metallic_herkleurd.jpg,https://commons.wikimedia.org/wiki/File:Audi_A3_Sportback_e-tron_8V_Brilliant_Red_(1).jpg,Damian B Oh,CC BY-SA 4.0
Audi,A4 Avant,Wit,herkleurd,images/audi_a4-avant_wit_herkleurd.jpg,https://commons.wikimedia.org/wiki/File:Grey_Audi_A4_B7_Avant.jpg,MichalPL,CC BY-SA 4.0
Audi,A4 Avant,Grijs metallic,ok,images/audi_a4-avant_grijs-metallic.jpg,https://commons.wikimedia.org/wiki/File:Grey_Audi_A4_B7_Avant.jpg,MichalPL,CC BY-SA 4.0
Audi,A4 Avant,Zilver metallic,herkleurd,images/audi_a4-avant_zilver-metallic_herkleurd.jpg,https://commons.wikimedia.org/wiki/File:Grey_Audi_A4_B7_Avant.jpg,MichalPL,CC BY-SA 4.0
Audi,A4 Avant,Blauw metallic,herkleurd,images/audi_a4-avant_blauw-metallic_herkleurd.jpg,https://commons.wikimedia.org/wiki/File:Audi_A4_Avant_TFSI_B9_Matador_Red_Metallic_(2).jpg,Damian B Oh,CC BY-SA 4.0
Audi,A4 Avant,Rood metallic,ok,images/audi_a4-avant_rood-metallic.jpg,https://commons.wikimedia.org/wiki/File:Audi_A4_Avant_TFSI_B9_Matador_Red_Metallic_(2).jpg,Damian B Oh,CC BY-SA 4.0
Audi,A4 Avant,Groen metallic,herkleurd,images/audi_a4-avant_groen-metallic_herkleurd.jpg,https://commons.wikimedia.org/wiki/File:Audi_A4_Avant_TFSI_B9_Matador_Red_Metallic_(2).jpg,Damian B Oh,CC BY-SA 4.0
Audi,A4 Avant,Bruin metallic,herkleurd,images/audi_a4-avant_bruin-metallic_herkleurd.jpg,https://commons.wikimedia.org/wiki/File:Audi_A4_Avant_TFSI_B9_Matador_Red_Metallic_(2).jpg,Damian B Oh,CC BY-SA 4.0
Audi,A4 Avant,Zwart,herkleurd,images/audi_a4-avant_zwart_herkleurd.jpg,https://commons.wikimedia.org/wiki/File:Grey_Audi_A4_B7_Avant.jpg,MichalPL,CC BY-SA 4.0
Audi,A5 Sportback,Zwart,ok,images/audi_a5-sportback_zwart.jpg,https://commons.wikimedia.org/wiki/File:Audi_A5_Sportback_40_TFSI_Quattro_S_Line_F5_FL_Mythos_Black_Metallic_(3).jpg,Damian B Oh,CC BY-SA 4.0
Audi,A5 Sportback,Wit,ok,images/audi_a5-sportback_wit.jpg,https://commons.wikimedia.org/wiki/File:Audi_A5_Sportback_35_TDI_Quattro_8T8_Ibis_White_(3).jpg,Damian B Oh,CC BY-SA 4.0
Audi,A5 Sportback,Grijs metallic,herkleurd,images/audi_a5-sportback_grijs-metallic_herkleurd.jpg,https://commons.wikimedia.org/wiki/File:Audi_A5_Sportback_35_TDI_Quattro_8T8_Ibis_White_(3).jpg,Damian B Oh,CC BY-SA 4.0
Audi,A5 Sportback,Zilver metallic,herkleurd,images/audi_a5-sportback_zilver-metallic_herkleurd.jpg,https://commons.wikimedia.org/wiki/File:Audi_A5_Sportback_35_TDI_Quattro_8T8_Ibis_White_(3).jpg,Damian B Oh,CC BY-SA 4.0
Audi,A5 Sportback,Blauw metallic,missing,,,,
Audi,A5 Sportback,Rood metallic,missing,,,,
Audi,A5 Sportback,Groen metallic,missing,,,,
Audi,A5 Sportback,Bruin metallic,missing,,,,
Audi,A6,Wit,ok,images/audi_a6_wit.jpg,https://commons.wikimedia.org/wiki/File:Audi_A6_C8_white_(1).jpg,Damian B Oh,CC BY-SA 4.0
Audi,A6,Grijs metallic,ok,images/audi_a6_grijs-metallic.jpg,https://commons.wikimedia.org/wiki/File:Audi_A6_50_TDI_Quattro_C7_Tornado_Grey_Metallic_(11).jpg,Damian B Oh,CC BY-SA 4.0
Audi,A6,Zilver metallic,ok,images/audi_a6_zilver-metallic.jpg,https://commons.wikimedia.org/wiki/File:Audi_A6_35_TDI_C7_Ice_Silver_Metallic_(9).jpg,Damian B Oh,CC BY-SA 4.0
Audi,A6,Blauw metallic,ok,images/audi_a6_blauw-metallic.jpg,https://commons.wikimedia.org/wiki/File:Audi_A6_Avant_2.4_C6_Night_Blue_Pearl_(3).jpg,Damian B Oh,CC BY-SA 4.0
Audi,A6,Rood metallic,ok,images/audi_a6_rood-metallic.jpg,https://commons.wikimedia.org/wiki/File:Audi_A6_C4_red.JPG,Samoborac,CC BY-SA 3.0
Audi,A6,Groen metallic,ok,images/audi_a6_groen-metallic.jpg,https://commons.wikimedia.org/wiki/File:Audi_A6_Allroad_Quattro_C7_FL_Gotland_Green_Metallic_(1).jpg,Damian B Oh,CC BY-SA 4.0
Audi,A6,Bruin metallic,herkleurd,images/audi_a6_bruin-metallic_herkleurd.jpg,https://commons.wikimedia.org/wiki/File:Audi_A6_Avant_2.4_C6_Night_Blue_Pearl_(3).jpg,Damian B Oh,CC BY-SA 4.0
Audi,A6,Zwart,herkleurd,images/audi_a6_zwart_herkleurd.jpg,https://commons.wikimedia.org/wiki/File:Audi_A6_C8_white_(1).jpg,Damian B Oh,CC BY-SA 4.0
Audi,Q2,Zwart,herkleurd,images/audi_q2_zwart_herkleurd.jpg,https://commons.wikimedia.org/wiki/File:Audi_Q2_35_TDI_Premium_GA_FL_Glacier_White_Metallic.jpg,Damian B Oh,CC BY-SA 4.0
Audi,Q2,Wit,ok,images/audi_q2_wit.jpg,https://commons.wikimedia.org/wiki/File:Audi_Q2_35_TDI_Premium_GA_FL_Glacier_White_Metallic.jpg,Damian B Oh,CC BY-SA 4.0
Audi,Q2,Grijs metallic,ok,images/audi_q2_grijs-metallic.jpg,"https://commons.wikimedia.org/wiki/File:2022_Audi_Q2_S_Line_35TFSI_-_1498cc_1.5_(150PS)_Petrol_-_Grey_-_07-2024,_Front.jpg",Harvey Bold,CC BY 4.0
Audi,Q2,Zilver metallic,herkleurd,images/audi_q2_zilver-metallic_herkleurd.jpg,https://commons.wikimedia.org/wiki/File:Audi_Q2_35_TDI_Premium_GA_FL_Glacier_White_Metallic.jpg,Damian B Oh,CC BY-SA 4.0
Audi,Q2,Blauw metallic,review,images/audi_q2_blauw-metallic.jpg,https://commons.wikimedia.org/wiki/File:Audi_Q2_north_London_2.jpg,Philafrenzy,CC BY-SA 4.0
Audi,Q2,Rood metallic,herkleurd,images/audi_q2_rood-metallic_herkleurd.jpg,https://commons.wikimedia.org/wiki/File:Audi_Q2_north_London_2.jpg,Philafrenzy,CC BY-SA 4.0
Audi,Q2,Groen metallic,herkleurd,images/audi_q2_groen-metallic_herkleurd.jpg,https://commons.wikimedia.org/wiki/File:Audi_Q2_north_London_2.jpg,Philafrenzy,CC BY-SA 4.0
Audi,Q2,Bruin metallic,herkleurd,images/audi_q2_bruin-metallic_herkleurd.jpg,https://commons.wikimedia.org/wiki/File:Audi_Q2_north_London_2.jpg,Philafrenzy,CC BY-SA 4.0
Audi,Q3,Wit,ok,images/audi_q3_wit.jpg,https://commons.wikimedia.org/wiki/File:Audi_Q3_Sportback_35_TDI_F3_Glacier_White_Metallic_(2).jpg,Damian B Oh,CC BY-SA 4.0
Audi,Q3,Grijs metallic,herkleurd,images/audi_q3_grijs-metallic_herkleurd.jpg,https://commons.wikimedia.org/wiki/File:Audi_Q3_Sportback_35_TDI_F3_Glacier_White_Metallic_(2).jpg,Damian B Oh,CC BY-SA 4.0
Audi,Q3,Zilver metallic,herkleurd,images/audi_q3_zilver-metallic_herkleurd.jpg,https://commons.wikimedia.org/wiki/File:Audi_Q3_Sportback_35_TDI_F3_Glacier_White_Metallic_(2).jpg,Damian B Oh,CC BY-SA 4.0
Audi,Q3,Blauw metallic,ok,images/audi_q3_blauw-metallic.jpg,"https://commons.wikimedia.org/wiki/File:Moscow,_Sadovnicheskaya,_Audi_Q3_45TFSI_Quattro_blue,_Sept_2025_01.jpg",Retired electrician,CC0
Audi,Q3,Rood metallic,herkleurd,images/audi_q3_rood-metallic_herkleurd.jpg,"https://commons.wikimedia.org/wiki/File:Moscow,_Sadovnicheskaya,_Audi_Q3_45TFSI_Quattro_blue,_Sept_2025_01.jpg",Retired electrician,CC0
Audi,Q3,Groen metallic,ok,images/audi_q3_groen-metallic.jpg,https://commons.wikimedia.org/wiki/File:Audi_RS_Q3_Sportback_F3_Java_Green_Uni_(1).jpg,Damian B Oh,CC BY-SA 4.0
Audi,Q3,Bruin metallic,herkleurd,images/audi_q3_bruin-metallic_herkleurd.jpg,"https://commons.wikimedia.org/wiki/File:Moscow,_Sadovnicheskaya,_Audi_Q3_45TFSI_Quattro_blue,_Sept_2025_01.jpg",Retired electrician,CC0
Audi,Q3,Zwart,herkleurd,images/audi_q3_zwart_herkleurd.jpg,https://commons.wikimedia.org/wiki/File:Audi_Q3_Sportback_35_TDI_F3_Glacier_White_Metallic_(2).jpg,Damian B Oh,CC BY-SA 4.0
Audi,Q4 e-tron,Wit,ok,images/audi_q4-e-tron_wit.jpg,https://commons.wikimedia.org/wiki/File:Audi_Q4_Sportback_40_e-tron_Quattro_S_Line_Glacier_White_Metallic_(1).jpg,Damian B Oh,CC BY-SA 4.0
Audi,Q4 e-tron,Grijs metallic,ok,images/audi_q4-e-tron_grijs-metallic.jpg,https://commons.wikimedia.org/wiki/File:Audi_Q4_e-tron_50_Quattro_S_Line_Pebble_Grey_(2).jpg,Damian B Oh,CC BY-SA 4.0
Audi,Q4 e-tron,Zilver metallic,herkleurd,images/audi_q4-e-tron_zilver-metallic_herkleurd.jpg,https://commons.wikimedia.org/wiki/File:Audi_Q4_Sportback_40_e-tron_Quattro_S_Line_Glacier_White_Metallic_(1).jpg,Damian B Oh,CC BY-SA 4.0
Audi,Q4 e-tron,Blauw metallic,ok,images/audi_q4-e-tron_blauw-metallic.jpg,https://commons.wikimedia.org/wiki/File:Audi_Q4_40_e-tron_S_Line_Navarra_Blue_Metallic_(8).jpg,Damian B Oh,CC BY-SA 4.0
Audi,Q4 e-tron,Rood metallic,herkleurd,images/audi_q4-e-tron_rood-metallic_herkleurd.jpg,https://commons.wikimedia.org/wiki/File:Audi_Q4_40_e-tron_S_Line_Navarra_Blue_Metallic_(8).jpg,Damian B Oh,CC BY-SA 4.0
Audi,Q4 e-tron,Groen metallic,herkleurd,images/audi_q4-e-tron_groen-metallic_herkleurd.jpg,https://commons.wikimedia.org/wiki/File:Audi_Q4_40_e-tron_S_Line_Navarra_Blue_Metallic_(8).jpg,Damian B Oh,CC BY-SA 4.0
Audi,Q4 e-tron,Bruin metallic,herkleurd,images/audi_q4-e-tron_bruin-metallic_herkleurd.jpg,https://commons.wikimedia.org/wiki/File:Audi_Q4_40_e-tron_S_Line_Navarra_Blue_Metallic_(8).jpg,Damian B Oh,CC BY-SA 4.0
Audi,Q4 e-tron,Zwart,herkleurd,images/audi_q4-e-tron_zwart_herkleurd.jpg,https://commons.wikimedia.org/wiki/File:Audi_Q4_Sportback_40_e-tron_Quattro_S_Line_Glacier_White_Metallic_(1).jpg,Damian B Oh,CC BY-SA 4.0
Audi,Q5,Wit,ok,images/audi_q5_wit.jpg,"https://commons.wikimedia.org/wiki/File:2013_Audi_Q5_SE_TFSI_Quattro_-_1984cc_2.0_(225PS)_Petrol_-_White_-_06-2024,_Front.jpg",Harvey Bold,CC BY 4.0
Audi,Q5,Grijs metallic,herkleurd,images/audi_q5_grijs-metallic_herkleurd.jpg,"https://commons.wikimedia.org/wiki/File:2013_Audi_Q5_SE_TFSI_Quattro_-_1984cc_2.0_(225PS)_Petrol_-_White_-_06-2024,_Front.jpg",Harvey Bold,CC BY 4.0
Audi,Q5,Zilver metallic,ok,images/audi_q5_zilver-metallic.jpg,https://commons.wikimedia.org/wiki/File:2017_Audi_Q5_(FY)_front_(silver)_1.jpg,Steinfeld-feld,CC BY-SA 4.0
Audi,Q5,Blauw metallic,ok,images/audi_q5_blauw-metallic.jpg,"https://commons.wikimedia.org/wiki/File:Moscow,_Audi_Q5_blue,_Mar_2026_01.jpg",Retired electrician,CC0
Audi,Q5,Rood metallic,ok,images/audi_q5_rood-metallic.jpg,"https://commons.wikimedia.org/wiki/File:Moscow,_Audi_Q5_red_July_2026_01.jpg",Retired electrician,CC0
Audi,Q5,Groen metallic,ok,images/audi_q5_groen-metallic.jpg,"https://commons.wikimedia.org/wiki/File:Moscow,_Audi_Q5_green,_June_2026_02.jpg",Retired electrician,CC0
Audi,Q5,Bruin metallic,herkleurd,images/audi_q5_bruin-metallic_herkleurd.jpg,"https://commons.wikimedia.org/wiki/File:Moscow,_Audi_Q5_blue,_Mar_2026_01.jpg",Retired electrician,CC0
Audi,Q5,Zwart,herkleurd,images/audi_q5_zwart_herkleurd.jpg,"https://commons.wikimedia.org/wiki/File:2013_Audi_Q5_SE_TFSI_Quattro_-_1984cc_2.0_(225PS)_Petrol_-_White_-_06-2024,_Front.jpg",Harvey Bold,CC BY 4.0
Audi,Q8 e-tron,Zwart,ok,images/audi_q8-e-tron_zwart.jpg,https://commons.wikimedia.org/wiki/File:2023_Audi_Q8_E-Tron_Black_Edition_50_Quattro.jpg,Calreyn88,CC BY 4.0
Audi,Q8 e-tron,Wit,herkleurd,images/audi_q8-e-tron_wit_herkleurd.jpg,https://commons.wikimedia.org/wiki/File:Audi_Q8_Sportback_55_e-tron_Quattro_Soneira_Red_Metallic_(1).jpg,Damian B Oh,CC BY-SA 4.0
Audi,Q8 e-tron,Grijs metallic,herkleurd,images/audi_q8-e-tron_grijs-metallic_herkleurd.jpg,https://commons.wikimedia.org/wiki/File:Audi_Q8_Sportback_55_e-tron_Quattro_Soneira_Red_Metallic_(1).jpg,Damian B Oh,CC BY-SA 4.0
Audi,Q8 e-tron,Zilver metallic,herkleurd,images/audi_q8-e-tron_zilver-metallic_herkleurd.jpg,https://commons.wikimedia.org/wiki/File:Audi_Q8_Sportback_55_e-tron_Quattro_Soneira_Red_Metallic_(1).jpg,Damian B Oh,CC BY-SA 4.0
Audi,Q8 e-tron,Blauw metallic,herkleurd,images/audi_q8-e-tron_blauw-metallic_herkleurd.jpg,https://commons.wikimedia.org/wiki/File:Audi_Q8_Sportback_55_e-tron_Quattro_Soneira_Red_Metallic_(1).jpg,Damian B Oh,CC BY-SA 4.0
Audi,Q8 e-tron,Rood metallic,ok,images/audi_q8-e-tron_rood-metallic.jpg,https://commons.wikimedia.org/wiki/File:Audi_Q8_Sportback_55_e-tron_Quattro_Soneira_Red_Metallic_(1).jpg,Damian B Oh,CC BY-SA 4.0
Audi,Q8 e-tron,Groen metallic,herkleurd,images/audi_q8-e-tron_groen-metallic_herkleurd.jpg,https://commons.wikimedia.org/wiki/File:Audi_Q8_Sportback_55_e-tron_Quattro_Soneira_Red_Metallic_(1).jpg,Damian B Oh,CC BY-SA 4.0
Audi,Q8 e-tron,Bruin metallic,herkleurd,images/audi_q8-e-tron_bruin-metallic_herkleurd.jpg,https://commons.wikimedia.org/wiki/File:Audi_Q8_Sportback_55_e-tron_Quattro_Soneira_Red_Metallic_(1).jpg,Damian B Oh,CC BY-SA 4.0
BMW,1 Serie,Zwart,herkleurd,images/bmw_1-serie_zwart_herkleurd.jpg,https://commons.wikimedia.org/wiki/File:White_BMW_5_Series_F10_side_view.jpg,Renée Kools,CC BY 4.0
BMW,1 Serie,Wit,ok,images/bmw_1-serie_wit.jpg,https://commons.wikimedia.org/wiki/File:White_BMW_5_Series_F10_side_view.jpg,Renée Kools,CC BY 4.0
BMW,1 Serie,Grijs metallic,ok,images/bmw_1-serie_grijs-metallic.jpg,https://commons.wikimedia.org/wiki/File:BMW_E90_LCI_3_Series_Space_Grey_Metallic_(3).jpg,Damian B Oh,CC BY-SA 4.0
BMW,1 Serie,Zilver metallic,ok,images/bmw_1-serie_zilver-metallic.jpg,"https://commons.wikimedia.org/wiki/File:BMW_5_Series_saloon_(F10)_silver,_front_view_(8578443188).jpg",Falcon® Photography from France,CC BY-SA 2.0
BMW,1 Serie,Blauw metallic,ok,images/bmw_1-serie_blauw-metallic.jpg,https://commons.wikimedia.org/wiki/File:BMW_1_Series_F20_blue.jpg,Damian B Oh,CC BY-SA 4.0
BMW,1 Serie,Rood metallic,ok,images/bmw_1-serie_rood-metallic.jpg,https://commons.wikimedia.org/wiki/File:BMW_Series_5_Old_Model_red_hr.jpg,,CC BY-SA 3.0
BMW,1 Serie,Groen metallic,ok,images/bmw_1-serie_groen-metallic.jpg,https://commons.wikimedia.org/wiki/File:BMW_F10_5_Series_Green_(1).jpg,Damian B Oh,CC BY-SA 4.0
BMW,1 Serie,Bruin metallic,herkleurd,images/bmw_1-serie_bruin-metallic_herkleurd.jpg,https://commons.wikimedia.org/wiki/File:BMW_1_Series_F20_blue.jpg,Damian B Oh,CC BY-SA 4.0
BMW,3 Serie Touring,Wit,herkleurd,images/bmw_3-serie-touring_wit_herkleurd.jpg,https://commons.wikimedia.org/wiki/File:BMW_F31_3_Series_Touring_Mineral_Grey_Metallic_(1).jpg,Damian B Oh,CC BY-SA 4.0
BMW,3 Serie Touring,Grijs metallic,ok,images/bmw_3-serie-touring_grijs-metallic.jpg,https://commons.wikimedia.org/wiki/File:BMW_F31_3_Series_Touring_Mineral_Grey_Metallic_(1).jpg,Damian B Oh,CC BY-SA 4.0
BMW,3 Serie Touring,Zilver metallic,herkleurd,images/bmw_3-serie-touring_zilver-metallic_herkleurd.jpg,https://commons.wikimedia.org/wiki/File:BMW_F31_3_Series_Touring_Mineral_Grey_Metallic_(1).jpg,Damian B Oh,CC BY-SA 4.0
BMW,3 Serie Touring,Blauw metallic,herkleurd,images/bmw_3-serie-touring_blauw-metallic_herkleurd.jpg,https://commons.wikimedia.org/wiki/File:Racing_to_Green_Energy_-_American_Le_Mans_Series_(20120831-OC-LSC-0012).jpg,USDAgov,Public domain
BMW,3 Serie Touring,Rood metallic,herkleurd,images/bmw_3-serie-touring_rood-metallic_herkleurd.jpg,https://commons.wikimedia.org/wiki/File:Racing_to_Green_Energy_-_American_Le_Mans_Series_(20120831-OC-LSC-0012).jpg,USDAgov,Public domain
BMW,3 Serie Touring,Groen metallic,ok,images/bmw_3-serie-touring_groen-metallic.jpg,https://commons.wikimedia.org/wiki/File:Racing_to_Green_Energy_-_American_Le_Mans_Series_(20120831-OC-LSC-0012).jpg,USDAgov,Public domain
BMW,3 Serie Touring,Bruin metallic,herkleurd,images/bmw_3-serie-touring_bruin-metallic_herkleurd.jpg,https://commons.wikimedia.org/wiki/File:Racing_to_Green_Energy_-_American_Le_Mans_Series_(20120831-OC-LSC-0012).jpg,USDAgov,Public domain
BMW,3 Serie Touring,Zwart,herkleurd,images/bmw_3-serie-touring_zwart_herkleurd.jpg,https://commons.wikimedia.org/wiki/File:BMW_F31_3_Series_Touring_Mineral_Grey_Metallic_(1).jpg,Damian B Oh,CC BY-SA 4.0
BMW,5 Serie Touring,Wit,herkleurd,images/bmw_5-serie-touring_wit_herkleurd.jpg,https://commons.wikimedia.org/wiki/File:Racing_to_Green_Energy_-_American_Le_Mans_Series_(20120831-OC-LSC-0012).jpg,USDAgov,Public domain
BMW,5 Serie Touring,Grijs metallic,herkleurd,images/bmw_5-serie-touring_grijs-metallic_herkleurd.jpg,https://commons.wikimedia.org/wiki/File:Racing_to_Green_Energy_-_American_Le_Mans_Series_(20120831-OC-LSC-0012).jpg,USDAgov,Public domain
BMW,5 Serie Touring,Zilver metallic,herkleurd,images/bmw_5-serie-touring_zilver-metallic_herkleurd.jpg,https://commons.wikimedia.org/wiki/File:Racing_to_Green_Energy_-_American_Le_Mans_Series_(20120831-OC-LSC-0012).jpg,USDAgov,Public domain
BMW,5 Serie Touring,Blauw metallic,herkleurd,images/bmw_5-serie-touring_blauw-metallic_herkleurd.jpg,https://commons.wikimedia.org/wiki/File:Racing_to_Green_Energy_-_American_Le_Mans_Series_(20120831-OC-LSC-0012).jpg,USDAgov,Public domain
BMW,5 Serie Touring,Rood metallic,herkleurd,images/bmw_5-serie-touring_rood-metallic_herkleurd.jpg,https://commons.wikimedia.org/wiki/File:Racing_to_Green_Energy_-_American_Le_Mans_Series_(20120831-OC-LSC-0012).jpg,USDAgov,Public domain
BMW,5 Serie Touring,Groen metallic,ok,images/bmw_5-serie-touring_groen-metallic.jpg,https://commons.wikimedia.org/wiki/File:Racing_to_Green_Energy_-_American_Le_Mans_Series_(20120831-OC-LSC-0012).jpg,USDAgov,Public domain
BMW,5 Serie Touring,Bruin metallic,herkleurd,images/bmw_5-serie-touring_bruin-metallic_herkleurd.jpg,https://commons.wikimedia.org/wiki/File:Racing_to_Green_Energy_-_American_Le_Mans_Series_(20120831-OC-LSC-0012).jpg,USDAgov,Public domain
BMW,5 Serie Touring,Zwart,herkleurd,images/bmw_5-serie-touring_zwart_herkleurd.jpg,https://commons.wikimedia.org/wiki/File:Racing_to_Green_Energy_-_American_Le_Mans_Series_(20120831-OC-LSC-0012).jpg,USDAgov,Public domain
BMW,X1,Zwart,herkleurd,images/bmw_x1_zwart_herkleurd.jpg,https://commons.wikimedia.org/wiki/File:BMW_X1_U11_sDrive18d_xLine_Alpine_White_01.jpg,Ethan Llamas,CC BY-SA 4.0
BMW,X1,Wit,ok,images/bmw_x1_wit.jpg,https://commons.wikimedia.org/wiki/File:BMW_X1_U11_sDrive18d_xLine_Alpine_White_01.jpg,Ethan Llamas,CC BY-SA 4.0
BMW,X1,Grijs metallic,herkleurd,images/bmw_x1_grijs-metallic_herkleurd.jpg,https://commons.wikimedia.org/wiki/File:BMW_X1_U11_sDrive18d_xLine_Alpine_White_01.jpg,Ethan Llamas,CC BY-SA 4.0
BMW,X1,Zilver metallic,ok,images/bmw_x1_zilver-metallic.jpg,https://commons.wikimedia.org/wiki/File:2012_BMW_X1_silver_bronze.jpg,Pakawut kenta,CC BY-SA 4.0
BMW,X1,Blauw metallic,ok,images/bmw_x1_blauw-metallic.jpg,"https://commons.wikimedia.org/wiki/File:Moscow,_BMW_F48_(X1)_blue_Mar_2026_02.jpg",Retired electrician,CC0
BMW,X1,Rood metallic,herkleurd,images/bmw_x1_rood-metallic_herkleurd.jpg,"https://commons.wikimedia.org/wiki/File:Moscow,_BMW_F48_(X1)_blue_Mar_2026_02.jpg",Retired electrician,CC0
BMW,X1,Groen metallic,ok,images/bmw_x1_groen-metallic.jpg,https://commons.wikimedia.org/wiki/File:BMW_U11_BEV_iX1_xDrive30_M_Sport_Cape_York_Green_Metallic_(2).jpg,Damian B Oh,CC BY-SA 4.0
BMW,X1,Bruin metallic,ok,images/bmw_x1_bruin-metallic.jpg,"https://commons.wikimedia.org/wiki/File:Moscow,_BMW_E84_(X1)_brown,_Sept_2025_01.jpg",Retired electrician,CC0
BMW,X3,Wit,ok,images/bmw_x3_wit.jpg,"https://commons.wikimedia.org/wiki/File:Moscow,_BMW_X3_white,_Aug_2025_01.jpg",Retired electrician,CC0
BMW,X3,Grijs metallic,ok,images/bmw_x3_grijs-metallic.jpg,"https://commons.wikimedia.org/wiki/File:2025_BMW_X3_M50_xDrive_in_Brooklyn_Grey_Metallic,_front_left,_2025-10-17.jpg",Elise240SX,CC BY-SA 4.0
BMW,X3,Zilver metallic,ok,images/bmw_x3_zilver-metallic.jpg,https://commons.wikimedia.org/wiki/File:BMW_X3_E83_xDrive20d_Titanium_Silver_Metallic_diplomatic.jpg,Ethan Llamas,CC BY-SA 4.0
BMW,X3,Blauw metallic,ok,images/bmw_x3_blauw-metallic.jpg,"https://commons.wikimedia.org/wiki/File:2010_BMW_X3_SE_xDrive20d_-_1995cc_2.0_(176PS)_Diesel_-_Montego_Blue_-_05-2024,_Front.jpg",Harvey Bold,CC BY 4.0
BMW,X3,Rood metallic,ok,images/bmw_x3_rood-metallic.jpg,https://commons.wikimedia.org/wiki/File:BMW_X3_E83_red_front_(1).jpg,"Fiver, der Hellseher",CC BY-SA 4.0
BMW,X3,Groen metallic,herkleurd,images/bmw_x3_groen-metallic_herkleurd.jpg,"https://commons.wikimedia.org/wiki/File:2010_BMW_X3_SE_xDrive20d_-_1995cc_2.0_(176PS)_Diesel_-_Montego_Blue_-_05-2024,_Front.jpg",Harvey Bold,CC BY 4.0
BMW,X3,Bruin metallic,herkleurd,images/bmw_x3_bruin-metallic_herkleurd.jpg,"https://commons.wikimedia.org/wiki/File:2010_BMW_X3_SE_xDrive20d_-_1995cc_2.0_(176PS)_Diesel_-_Montego_Blue_-_05-2024,_Front.jpg",Harvey Bold,CC BY 4.0
BMW,X3,Zwart,herkleurd,images/bmw_x3_zwart_herkleurd.jpg,"https://commons.wikimedia.org/wiki/File:Moscow,_BMW_X3_white,_Aug_2025_01.jpg",Retired electrician,CC0
BMW,iX1,Zwart,herkleurd,images/bmw_ix1_zwart_herkleurd.jpg,https://commons.wikimedia.org/wiki/File:BMW_U11_BEV_iX1_xDrive30_M_Sport_Cape_York_Green_Metallic_(1).jpg,Damian B Oh,CC BY-SA 4.0
BMW,iX1,Wit,herkleurd,images/bmw_ix1_wit_herkleurd.jpg,https://commons.wikimedia.org/wiki/File:BMW_U11_BEV_iX1_xDrive30_M_Sport_Cape_York_Green_Metallic_(1).jpg,Damian B Oh,CC BY-SA 4.0
BMW,iX1,Grijs metallic,herkleurd,images/bmw_ix1_grijs-metallic_herkleurd.jpg,https://commons.wikimedia.org/wiki/File:BMW_U11_BEV_iX1_xDrive30_M_Sport_Cape_York_Green_Metallic_(1).jpg,Damian B Oh,CC BY-SA 4.0
BMW,iX1,Zilver metallic,herkleurd,images/bmw_ix1_zilver-metallic_herkleurd.jpg,https://commons.wikimedia.org/wiki/File:BMW_U11_BEV_iX1_xDrive30_M_Sport_Cape_York_Green_Metallic_(1).jpg,Damian B Oh,CC BY-SA 4.0
BMW,iX1,Blauw metallic,herkleurd,images/bmw_ix1_blauw-metallic_herkleurd.jpg,https://commons.wikimedia.org/wiki/File:BMW_U11_BEV_iX1_xDrive30_M_Sport_Cape_York_Green_Metallic_(1).jpg,Damian B Oh,CC BY-SA 4.0
BMW,iX1,Rood metallic,herkleurd,images/bmw_ix1_rood-metallic_herkleurd.jpg,https://commons.wikimedia.org/wiki/File:BMW_U11_BEV_iX1_xDrive30_M_Sport_Cape_York_Green_Metallic_(1).jpg,Damian B Oh,CC BY-SA 4.0
BMW,iX1,Groen metallic,ok,images/bmw_ix1_groen-metallic.jpg,https://commons.wikimedia.org/wiki/File:BMW_U11_BEV_iX1_xDrive30_M_Sport_Cape_York_Green_Metallic_(1).jpg,Damian B Oh,CC BY-SA 4.0
BMW,iX1,Bruin metallic,herkleurd,images/bmw_ix1_bruin-metallic_herkleurd.jpg,https://commons.wikimedia.org/wiki/File:BMW_U11_BEV_iX1_xDrive30_M_Sport_Cape_York_Green_Metallic_(1).jpg,Damian B Oh,CC BY-SA 4.0
Citroën,C3,Zwart,ok,images/citroen_c3_zwart.jpg,https://commons.wikimedia.org/wiki/File:Citro%C3%ABn_C3_SXSY_FL_Perla_Nera_Black_(2).jpg,Damian B Oh,CC BY-SA 4.0
Citroën,C3,Wit,ok,images/citroen_c3_wit.jpg,"https://commons.wikimedia.org/wiki/File:Moscow,_Citro%C3%ABn_C3_Picasso_(2012)_white,_June_2026_01.jpg",Retired electrician,CC0
Citroën,C3,Grijs metallic,ok,images/citroen_c3_grijs-metallic.jpg,"https://commons.wikimedia.org/wiki/File:2019_Citroen_C3_Aircross_Flair_BlueHDi_-_1500cc_1.5_(101PS)_Diesel_-_Grey_-_04-2024,_Front.jpg",Harvey Bold,CC BY 4.0
Citroën,C3,Zilver metallic,ok,images/citroen_c3_zilver-metallic.jpg,"https://commons.wikimedia.org/wiki/File:Moscow,_Citroen_C3_blueish-silver,_Sept_2025_01.jpg",Retired electrician,CC0
Citroën,C3,Blauw metallic,ok,images/citroen_c3_blauw-metallic.jpg,https://commons.wikimedia.org/wiki/File:Citro%C3%ABn_C3_2022_Feel_Pack_Spring_Blue_in_Uruguay_-_front.jpg,NaBUru38,CC BY-SA 4.0
Citroën,C3,Rood metallic,ok,images/citroen_c3_rood-metallic.jpg,"https://commons.wikimedia.org/wiki/File:Citro%C3%ABn_C3_e-HDi_110_Airdream_Red_Block_(II)_%E2%80%93_Frontansicht,_21._April_2017,_D%C3%BCsseldorf.jpg",© M 93,CC BY-SA 3.0 de
Citroën,C3,Groen metallic,ok,images/citroen_c3_groen-metallic.jpg,"https://commons.wikimedia.org/wiki/File:2005_Citro%C3%ABn_C3_XTR_SensoDrive_-_1360cc_1.4i_16V_(90PS)_Petrol_-_Rainforest_Green_-_12-05-2024,_Front_Right.jpg",DieselFordMondeo,CC BY-SA 4.0
Citroën,C3,Bruin metallic,herkleurd,images/citroen_c3_bruin-metallic_herkleurd.jpg,https://commons.wikimedia.org/wiki/File:Citro%C3%ABn_C3_2022_Feel_Pack_Spring_Blue_in_Uruguay_-_front.jpg,NaBUru38,CC BY-SA 4.0
Citroën,C5 Aircross,Zwart,ok,images/citroen_c5-aircross_zwart.jpg,https://commons.wikimedia.org/wiki/File:Citro%C3%ABn_C5_Aircross_C84_Perla_Nera_Black_(1).jpg,Damian B Oh,CC BY-SA 4.0
Citroën,C5 Aircross,Wit,ok,images/citroen_c5-aircross_wit.jpg,"https://commons.wikimedia.org/wiki/File:2024_Citroen_C5_Aircross_Max_PureTech_PHEV_-_1598cc_1.6_(225PS)_Petrol_Plug-in_-_White_-_03-2025,_Front.jpg",Harvey Bold,CC0
Citroën,C5 Aircross,Grijs metallic,ok,images/citroen_c5-aircross_grijs-metallic.jpg,"https://commons.wikimedia.org/wiki/File:2024_Citroen_C5_Aircross_E-Series_PureTech_-_1199cc_1.2_(136PS)_Petrol_-_Platinum_Grey_-_02-2025,_Front.jpg",Harvey Bold,CC0
Citroën,C5 Aircross,Zilver metallic,herkleurd,images/citroen_c5-aircross_zilver-metallic_herkleurd.jpg,"https://commons.wikimedia.org/wiki/File:2024_Citroen_C5_Aircross_Max_PureTech_PHEV_-_1598cc_1.6_(225PS)_Petrol_Plug-in_-_White_-_03-2025,_Front.jpg",Harvey Bold,CC0
Citroën,C5 Aircross,Blauw metallic,ok,images/citroen_c5-aircross_blauw-metallic.jpg,https://commons.wikimedia.org/wiki/File:2022_Citroen_C5_Aircross_SUV_blue_rear_view_in_Brunei.jpg,AIMHO'S REBELLION 8490s,CC BY-SA 4.0
Citroën,C5 Aircross,Rood metallic,herkleurd,images/citroen_c5-aircross_rood-metallic_herkleurd.jpg,https://commons.wikimedia.org/wiki/File:2022_Citroen_C5_Aircross_SUV_blue_rear_view_in_Brunei.jpg,AIMHO'S REBELLION 8490s,CC BY-SA 4.0
Citroën,C5 Aircross,Groen metallic,herkleurd,images/citroen_c5-aircross_groen-metallic_herkleurd.jpg,https://commons.wikimedia.org/wiki/File:2022_Citroen_C5_Aircross_SUV_blue_rear_view_in_Brunei.jpg,AIMHO'S REBELLION 8490s,CC BY-SA 4.0
Citroën,C5 Aircross,Bruin metallic,herkleurd,images/citroen_c5-aircross_bruin-metallic_herkleurd.jpg,https://commons.wikimedia.org/wiki/File:2022_Citroen_C5_Aircross_SUV_blue_rear_view_in_Brunei.jpg,AIMHO'S REBELLION 8490s,CC BY-SA 4.0
Cupra,Born,Zwart,herkleurd,images/cupra_born_zwart_herkleurd.jpg,"https://commons.wikimedia.org/wiki/File:2023_Cupra_Born_V1_EV_-_58kWh_(203PS)_Electric_-_Glacial_White_-_07-2024,_Front.jpg",Harvey Bold,CC BY 4.0
Cupra,Born,Wit,ok,images/cupra_born_wit.jpg,"https://commons.wikimedia.org/wiki/File:2023_Cupra_Born_V1_EV_-_58kWh_(203PS)_Electric_-_Glacial_White_-_07-2024,_Front.jpg",Harvey Bold,CC BY 4.0
Cupra,Born,Grijs metallic,herkleurd,images/cupra_born_grijs-metallic_herkleurd.jpg,"https://commons.wikimedia.org/wiki/File:2023_Cupra_Born_V1_EV_-_58kWh_(203PS)_Electric_-_Glacial_White_-_07-2024,_Front.jpg",Harvey Bold,CC BY 4.0
Cupra,Born,Zilver metallic,herkleurd,images/cupra_born_zilver-metallic_herkleurd.jpg,"https://commons.wikimedia.org/wiki/File:2023_Cupra_Born_V1_EV_-_58kWh_(203PS)_Electric_-_Glacial_White_-_07-2024,_Front.jpg",Harvey Bold,CC BY 4.0
Cupra,Born,Blauw metallic,missing,,,,
Cupra,Born,Rood metallic,missing,,,,
Cupra,Born,Groen metallic,missing,,,,
Cupra,Born,Bruin metallic,missing,,,,
Cupra,Formentor,Wit,missing,,,,
Cupra,Formentor,Grijs metallic,missing,,,,
Cupra,Formentor,Zilver metallic,missing,,,,
Cupra,Formentor,Blauw metallic,missing,,,,
Cupra,Formentor,Rood metallic,missing,,,,
Cupra,Formentor,Groen metallic,missing,,,,
Cupra,Formentor,Bruin metallic,missing,,,,
Cupra,Formentor,Zwart,onbekende-kleur,images/cupra_formentor_zwart.jpg,https://commons.wikimedia.org/wiki/File:SUV_CUPRA_Formentor.jpg,Zorseat,CC BY-SA 4.0
Cupra,Leon,Zwart,herkleurd,images/cupra_leon_zwart_herkleurd.jpg,https://commons.wikimedia.org/wiki/File:2023_CUPRA_Le%C3%B3n_ST_1.4_TSI_e-Hybrid_VZ2_in_Desire_Red_(Front).jpg,MoCars,CC0
Cupra,Leon,Wit,herkleurd,images/cupra_leon_wit_herkleurd.jpg,https://commons.wikimedia.org/wiki/File:2023_CUPRA_Le%C3%B3n_ST_1.4_TSI_e-Hybrid_VZ2_in_Desire_Red_(Front).jpg,MoCars,CC0
Cupra,Leon,Grijs metallic,herkleurd,images/cupra_leon_grijs-metallic_herkleurd.jpg,https://commons.wikimedia.org/wiki/File:2023_CUPRA_Le%C3%B3n_ST_1.4_TSI_e-Hybrid_VZ2_in_Desire_Red_(Front).jpg,MoCars,CC0
Cupra,Leon,Zilver metallic,herkleurd,images/cupra_leon_zilver-metallic_herkleurd.jpg,https://commons.wikimedia.org/wiki/File:2023_CUPRA_Le%C3%B3n_ST_1.4_TSI_e-Hybrid_VZ2_in_Desire_Red_(Front).jpg,MoCars,CC0
Cupra,Leon,Blauw metallic,herkleurd,images/cupra_leon_blauw-metallic_herkleurd.jpg,https://commons.wikimedia.org/wiki/File:2023_CUPRA_Le%C3%B3n_ST_1.4_TSI_e-Hybrid_VZ2_in_Desire_Red_(Front).jpg,MoCars,CC0
Cupra,Leon,Rood metallic,ok,images/cupra_leon_rood-metallic.jpg,https://commons.wikimedia.org/wiki/File:2023_CUPRA_Le%C3%B3n_ST_1.4_TSI_e-Hybrid_VZ2_in_Desire_Red_(Front).jpg,MoCars,CC0
Cupra,Leon,Groen metallic,herkleurd,images/cupra_leon_groen-metallic_herkleurd.jpg,https://commons.wikimedia.org/wiki/File:2023_CUPRA_Le%C3%B3n_ST_1.4_TSI_e-Hybrid_VZ2_in_Desire_Red_(Front).jpg,MoCars,CC0
Cupra,Leon,Bruin metallic,herkleurd,images/cupra_leon_bruin-metallic_herkleurd.jpg,https://commons.wikimedia.org/wiki/File:2023_CUPRA_Le%C3%B3n_ST_1.4_TSI_e-Hybrid_VZ2_in_Desire_Red_(Front).jpg,MoCars,CC0
Cupra,Tavascan,Wit,missing,,,,
Cupra,Tavascan,Grijs metallic,missing,,,,
Cupra,Tavascan,Zilver metallic,missing,,,,
Cupra,Tavascan,Blauw metallic,missing,,,,
Cupra,Tavascan,Rood metallic,missing,,,,
Cupra,Tavascan,Groen metallic,missing,,,,
Cupra,Tavascan,Bruin metallic,missing,,,,
Cupra,Tavascan,Zwart,onbekende-kleur,images/cupra_tavascan_zwart.jpg,https://commons.wikimedia.org/wiki/File:2024_Cupra_Tavascan_VZ1_EV_4Drive_1.jpg,Calreyn88,CC BY-SA 4.0
Fiat,500e,Zwart,ok,images/fiat_500e_zwart.jpg,https://commons.wikimedia.org/wiki/File:Fiat_500e_Black_in_Munich.jpg,AuHaidhausen,CC BY 4.0
Fiat,500e,Wit,ok,images/fiat_500e_wit.jpg,https://commons.wikimedia.org/wiki/File:%22_15_-_EXPO_MILANO_2015_-_Fiat_500e_and_500L_white.jpg,Pava at Expo Milano 2015,CC BY-SA 3.0 it
Fiat,500e,Grijs metallic,ok,images/fiat_500e_grijs-metallic.jpg,https://commons.wikimedia.org/wiki/File:Fiat_500e_Type_332_Mineral_Grey_(2).jpg,Damian B Oh,CC BY-SA 4.0
Fiat,500e,Zilver metallic,ok,images/fiat_500e_zilver-metallic.jpg,"https://commons.wikimedia.org/wiki/File:2016_Fiat_500e,_Silver_Lake_(rear_left).jpg",Mr.choppers,CC BY-SA 3.0
Fiat,500e,Blauw metallic,ok,images/fiat_500e_blauw-metallic.jpg,https://commons.wikimedia.org/wiki/File:Fiat_500e_Type_332_Glacier_Blue_(2).jpg,Damian B Oh,CC BY-SA 4.0
Fiat,500e,Rood metallic,herkleurd,images/fiat_500e_rood-metallic_herkleurd.jpg,https://commons.wikimedia.org/wiki/File:Fiat_500e_Type_332_Glacier_Blue_(2).jpg,Damian B Oh,CC BY-SA 4.0
Fiat,500e,Groen metallic,herkleurd,images/fiat_500e_groen-metallic_herkleurd.jpg,https://commons.wikimedia.org/wiki/File:Fiat_500e_Type_332_Glacier_Blue_(2).jpg,Damian B Oh,CC BY-SA 4.0
Fiat,500e,Bruin metallic,herkleurd,images/fiat_500e_bruin-metallic_herkleurd.jpg,https://commons.wikimedia.org/wiki/File:Fiat_500e_Type_332_Glacier_Blue_(2).jpg,Damian B Oh,CC BY-SA 4.0
Ford,Focus Wagon,Zwart,ok,images/ford_focus-wagon_zwart.jpg,https://commons.wikimedia.org/wiki/File:Ford_Focus_Estate_ST_Line_C519_FL_Agate_Black_(2).jpg,Damian B Oh,CC BY-SA 4.0
Ford,Focus Wagon,Wit,ok,images/ford_focus-wagon_wit.jpg,https://commons.wikimedia.org/wiki/File:Ford_Focus_Estate_C519_Frozen_White_(1).jpg,Damian B Oh,CC BY-SA 4.0
Ford,Focus Wagon,Grijs metallic,herkleurd,images/ford_focus-wagon_grijs-metallic_herkleurd.jpg,https://commons.wikimedia.org/wiki/File:Ford_Focus_Estate_C519_Frozen_White_(1).jpg,Damian B Oh,CC BY-SA 4.0
Ford,Focus Wagon,Zilver metallic,ok,images/ford_focus-wagon_zilver-metallic.jpg,https://commons.wikimedia.org/wiki/File:Ford_Focus_wagon_silver.jpg,Wagon Master Johnson,CC BY-SA 4.0
Ford,Focus Wagon,Blauw metallic,herkleurd,images/ford_focus-wagon_blauw-metallic_herkleurd.jpg,https://commons.wikimedia.org/wiki/File:1941_Ford_Super_Deluxe_Woody_Wagon_(21025483685).jpg,Sicnag,CC BY 2.0
Ford,Focus Wagon,Rood metallic,review,images/ford_focus-wagon_rood-metallic.jpg,https://commons.wikimedia.org/wiki/File:1941_Ford_Super_Deluxe_Woody_Wagon_(21025483685).jpg,Sicnag,CC BY 2.0
Ford,Focus Wagon,Groen metallic,herkleurd,images/ford_focus-wagon_groen-metallic_herkleurd.jpg,https://commons.wikimedia.org/wiki/File:1941_Ford_Super_Deluxe_Woody_Wagon_(21025483685).jpg,Sicnag,CC BY 2.0
Ford,Focus Wagon,Bruin metallic,herkleurd,images/ford_focus-wagon_bruin-metallic_herkleurd.jpg,https://commons.wikimedia.org/wiki/File:1941_Ford_Super_Deluxe_Woody_Wagon_(21025483685).jpg,Sicnag,CC BY 2.0
Ford,Kuga,Zwart,ok,images/ford_kuga_zwart.jpg,"https://commons.wikimedia.org/wiki/File:2023_Ford_Kuga_ST-Line_Edition_EcoBoost_-_1496cc_1.5_(150PS)_Petrol_-_Agate_Black_-_02-2024,_Front.jpg",Harvey Bold,CC BY 4.0
Ford,Kuga,Wit,ok,images/ford_kuga_wit.jpg,https://commons.wikimedia.org/wiki/File:Ford_Escape_CX482_1.6_EcoBoost_SE_White_Platinum_Metallic_Tri-coat_01.jpg,Ethan Llamas,CC BY-SA 4.0
Ford,Kuga,Grijs metallic,ok,images/ford_kuga_grijs-metallic.jpg,"https://commons.wikimedia.org/wiki/File:2024_Ford_Kuga_in_Magnetic_Grey,_rear_right,_06-05-2025.jpg",Cutlass,CC0
Ford,Kuga,Zilver metallic,ok,images/ford_kuga_zilver-metallic.jpg,"https://commons.wikimedia.org/wiki/File:2012_Ford_Kuga_Titanium_TDCi_-_1997cc_2.0_(163PS)_Diesel_-_Silver_-_08-2024,_Front.jpg",Harvey Bold,CC BY 4.0
Ford,Kuga,Blauw metallic,ok,images/ford_kuga_blauw-metallic.jpg,"https://commons.wikimedia.org/wiki/File:2024_Ford_Kuga_Active_Hybrid_AWD_-_2488cc_2.5_(183PS)_Hybrid_-_Desert_Island_Blue_-_10-2024,_Rear.jpg",Harvey Bold,CC0
Ford,Kuga,Rood metallic,ok,images/ford_kuga_rood-metallic.jpg,https://commons.wikimedia.org/wiki/File:2023_Ford_Explorer_Red.jpg,Rutger van der Maar,CC BY 2.0
Ford,Kuga,Groen metallic,ok,images/ford_kuga_groen-metallic.jpg,"https://commons.wikimedia.org/wiki/File:Moscow,_Ford_Kuga_green,_Sept_2025_01.jpg",Retired electrician,CC0
Ford,Kuga,Bruin metallic,ok,images/ford_kuga_bruin-metallic.jpg,"https://commons.wikimedia.org/wiki/File:Moscow,_Ford_Kuga_brown,_Mar_2026_01.jpg",Retired electrician,CC0
Ford,Puma,Zwart,herkleurd,images/ford_puma_zwart_herkleurd.jpg,https://commons.wikimedia.org/wiki/File:Ford_Puma_1.0_Ecoboost_Hybrid_ST_Line_X_Vignale_Frozen_White_(2).jpg,Damian B Oh,CC BY-SA 4.0
Ford,Puma,Wit,ok,images/ford_puma_wit.jpg,https://commons.wikimedia.org/wiki/File:Ford_Puma_1.0_Ecoboost_Hybrid_ST_Line_X_Vignale_Frozen_White_(2).jpg,Damian B Oh,CC BY-SA 4.0
Ford,Puma,Grijs metallic,ok,images/ford_puma_grijs-metallic.jpg,"https://commons.wikimedia.org/wiki/File:2024_Ford_Puma_ST-Line_EcoBoost_-_999cc_1.0_(125PS)_Petrol_-_Cactus_Grey_-_08-2024,_Front.jpg",Harvey Bold,CC0
Ford,Puma,Zilver metallic,ok,images/ford_puma_zilver-metallic.jpg,https://commons.wikimedia.org/wiki/File:Ford_Puma_silver.jpg,Calreyn88,CC BY-SA 4.0
Ford,Puma,Blauw metallic,ok,images/ford_puma_blauw-metallic.jpg,https://commons.wikimedia.org/wiki/File:Blue_Ford_Puma_2014.JPG,"Fiver, der Hellseher",CC BY-SA 3.0
Ford,Puma,Rood metallic,ok,images/ford_puma_rood-metallic.jpg,https://commons.wikimedia.org/wiki/File:Ford_Puma_1.0_Ecoboost_Hybrid_ST_Line_Fantastic_Red_(4).jpg,Damian B Oh,CC BY-SA 4.0
Ford,Puma,Groen metallic,herkleurd,images/ford_puma_groen-metallic_herkleurd.jpg,https://commons.wikimedia.org/wiki/File:Blue_Ford_Puma_2014.JPG,"Fiver, der Hellseher",CC BY-SA 3.0
Ford,Puma,Bruin metallic,herkleurd,images/ford_puma_bruin-metallic_herkleurd.jpg,https://commons.wikimedia.org/wiki/File:Blue_Ford_Puma_2014.JPG,"Fiver, der Hellseher",CC BY-SA 3.0
Hyundai,Ioniq 5,Wit,ok,images/hyundai_ioniq-5_wit.jpg,https://commons.wikimedia.org/wiki/File:Hyundai_IONIQ_5_Long_Range_Prestige_NE1_PE_Atlas_White_Matte_(15).jpg,Damian B Oh,CC BY-SA 4.0
Hyundai,Ioniq 5,Grijs metallic,ok,images/hyundai_ioniq-5_grijs-metallic.jpg,https://commons.wikimedia.org/wiki/File:Hyundai_Ioniq_5_NE_Grey_(10).jpg,Damian B Oh,CC BY-SA 4.0
Hyundai,Ioniq 5,Zilver metallic,ok,images/hyundai_ioniq-5_zilver-metallic.jpg,"https://commons.wikimedia.org/wiki/File:2021_Hyundai_Ioniq_5_Premium_EV_-_54kWh_(170PS)_Electric_-_Silver_-_02-2025,_Rear.jpg",Harvey Bold,CC0
Hyundai,Ioniq 5,Blauw metallic,ok,images/hyundai_ioniq-5_blauw-metallic.jpg,https://commons.wikimedia.org/wiki/File:Hyundai_IONIQ_5_NE1_PE_Lucid_Blue_Pearl_(1).jpg,Damian B Oh,CC BY-SA 4.0
Hyundai,Ioniq 5,Rood metallic,ok,images/hyundai_ioniq-5_rood-metallic.jpg,https://commons.wikimedia.org/wiki/File:Hyundai_IONIQ_5_N_Line_NE_PE_Ultimate_Red_Metallic_(1).jpg,Damian B Oh,CC BY-SA 4.0
Hyundai,Ioniq 5,Groen metallic,ok,images/hyundai_ioniq-5_groen-metallic.jpg,https://commons.wikimedia.org/wiki/File:Hyundai_IONIQ_6_CE_Digital_Green_Pearl_(24).jpg,Damian B Oh,CC BY-SA 4.0
Hyundai,Ioniq 5,Bruin metallic,ok,images/hyundai_ioniq-5_bruin-metallic.jpg,https://commons.wikimedia.org/wiki/File:Hyundai_IONIQ_9_Calligraphy_ME1_Sunset_Brown_Pearl_(5).jpg,Damian B Oh,CC BY-SA 4.0
Hyundai,Ioniq 5,Zwart,herkleurd,images/hyundai_ioniq-5_zwart_herkleurd.jpg,https://commons.wikimedia.org/wiki/File:Hyundai_IONIQ_5_Long_Range_Prestige_NE1_PE_Atlas_White_Matte_(15).jpg,Damian B Oh,CC BY-SA 4.0
Hyundai,Kona,Zwart,ok,images/hyundai_kona_zwart.jpg,https://commons.wikimedia.org/wiki/File:Hyundai_Kona_SX2_1.6_Premium_HEV_Black.jpg,Ethan Llamas,CC BY-SA 4.0
Hyundai,Kona,Wit,ok,images/hyundai_kona_wit.jpg,https://commons.wikimedia.org/wiki/File:Hyundai_Kona_SX2_1.6_Premium_HEV_Atlas_White_01.jpg,Ethan Llamas,CC BY-SA 4.0
Hyundai,Kona,Grijs metallic,ok,images/hyundai_kona_grijs-metallic.jpg,https://commons.wikimedia.org/wiki/File:Hyundai_Kona_SX2_1.6_Premium_HEV_Cyber_Gray_test_drive_unit.jpg,Ethan Llamas,CC BY-SA 4.0
Hyundai,Kona,Zilver metallic,herkleurd,images/hyundai_kona_zilver-metallic_herkleurd.jpg,https://commons.wikimedia.org/wiki/File:Hyundai_Kona_SX2_1.6_Premium_HEV_Atlas_White_01.jpg,Ethan Llamas,CC BY-SA 4.0
Hyundai,Kona,Blauw metallic,ok,images/hyundai_kona_blauw-metallic.jpg,https://commons.wikimedia.org/wiki/File:Hyundai_Kona_Electric_SX2_EV_Meta_Blue_Pearl_(5).jpg,Damian B Oh,CC BY-SA 4.0
Hyundai,Kona,Rood metallic,ok,images/hyundai_kona_rood-metallic.jpg,https://commons.wikimedia.org/wiki/File:Hyundai_Kona_OS_N_line_Red_(1).jpg,Damian B Oh,CC BY-SA 4.0
Hyundai,Kona,Groen metallic,ok,images/hyundai_kona_groen-metallic.jpg,https://commons.wikimedia.org/wiki/File:18_Hyundai_Kona_green.jpg,Benespit,CC BY-SA 4.0
Hyundai,Kona,Bruin metallic,herkleurd,images/hyundai_kona_bruin-metallic_herkleurd.jpg,https://commons.wikimedia.org/wiki/File:Hyundai_Kona_Electric_SX2_EV_Meta_Blue_Pearl_(5).jpg,Damian B Oh,CC BY-SA 4.0
Hyundai,Tucson,Zwart,ok,images/hyundai_tucson_zwart.jpg,https://commons.wikimedia.org/wiki/File:Hyundai_Tucson_N_Line_NX4_Phantom_Black_Pearl_(1).jpg,Damian B Oh,CC BY-SA 4.0
Hyundai,Tucson,Wit,ok,images/hyundai_tucson_wit.jpg,https://commons.wikimedia.org/wiki/File:Hyundai_Tucson_ix_Fuel_Cell_LM_PE_Pure_White_(5).jpg,Damian B Oh,CC BY-SA 4.0
Hyundai,Tucson,Grijs metallic,ok,images/hyundai_tucson_grijs-metallic.jpg,https://commons.wikimedia.org/wiki/File:Hyundai_Tucson_Inspiration_1.6T_NX4_Amazon_Gray_Metallic_(1).jpg,Damian B Oh,CC BY-SA 4.0
Hyundai,Tucson,Zilver metallic,ok,images/hyundai_tucson_zilver-metallic.jpg,https://commons.wikimedia.org/wiki/File:Hyundai_Tucson_4WD_TL_Platinum_Silver_(2).jpg,Damian B Oh,CC BY-SA 4.0
Hyundai,Tucson,Blauw metallic,ok,images/hyundai_tucson_blauw-metallic.jpg,https://commons.wikimedia.org/wiki/File:23_Hyundai_Tucson_Hybrid_Blue_(1).jpg,HJUdall,CC0
Hyundai,Tucson,Rood metallic,ok,images/hyundai_tucson_rood-metallic.jpg,"https://commons.wikimedia.org/wiki/File:Moscow,_Hyundai_Tucson_red,_June_2026_01.jpg",Retired electrician,CC0
Hyundai,Tucson,Groen metallic,ok,images/hyundai_tucson_groen-metallic.jpg,https://commons.wikimedia.org/wiki/File:Hyundai_Tucson_NX4_PE_1.6T_GLS_HEV_Pine_Green_Matte_04.jpg,Ethan Llamas,CC BY-SA 4.0
Hyundai,Tucson,Bruin metallic,herkleurd,images/hyundai_tucson_bruin-metallic_herkleurd.jpg,https://commons.wikimedia.org/wiki/File:23_Hyundai_Tucson_Hybrid_Blue_(1).jpg,HJUdall,CC0
Hyundai,i20,Wit,ok,images/hyundai_i20_wit.jpg,"https://commons.wikimedia.org/wiki/File:2012_Hyundai_i20_Active_MPi_-_1248cc_1.2_(85PS)_Petrol_-_White_-_02-2024,_Front.jpg",Harvey Bold,CC BY 4.0
Hyundai,i20,Grijs metallic,ok,images/hyundai_i20_grijs-metallic.jpg,https://commons.wikimedia.org/wiki/File:Hyundai_i20_1.0_T-GDi_48V_MHEV_BC3_Aurora_Grey_(6).jpg,Damian B Oh,CC BY-SA 4.0
Hyundai,i20,Zilver metallic,ok,images/hyundai_i20_zilver-metallic.jpg,https://commons.wikimedia.org/wiki/File:Hyundai_i20_GB_PE_Typhoon_Silver_(4).jpg,Damian B Oh,CC BY-SA 4.0
Hyundai,i20,Blauw metallic,ok,images/hyundai_i20_blauw-metallic.jpg,https://commons.wikimedia.org/wiki/File:Hyundai_i20_WRC_PB_PE_Performance_Blue_(1).jpg,Damian B Oh,CC BY-SA 4.0
Hyundai,i20,Rood metallic,herkleurd,images/hyundai_i20_rood-metallic_herkleurd.jpg,https://commons.wikimedia.org/wiki/File:Hyundai_i20_WRC_PB_PE_Performance_Blue_(1).jpg,Damian B Oh,CC BY-SA 4.0
Hyundai,i20,Groen metallic,ok,images/hyundai_i20_groen-metallic.jpg,https://commons.wikimedia.org/wiki/File:Hyundai_i20_Comfort_(Electric_Green)_-_Flickr_-_mick_-_Lumix.jpg,"Mick from Northamptonshire, England",CC BY 2.0
Hyundai,i20,Bruin metallic,herkleurd,images/hyundai_i20_bruin-metallic_herkleurd.jpg,https://commons.wikimedia.org/wiki/File:Hyundai_i20_WRC_PB_PE_Performance_Blue_(1).jpg,Damian B Oh,CC BY-SA 4.0
Hyundai,i20,Zwart,herkleurd,images/hyundai_i20_zwart_herkleurd.jpg,"https://commons.wikimedia.org/wiki/File:2012_Hyundai_i20_Active_MPi_-_1248cc_1.2_(85PS)_Petrol_-_White_-_02-2024,_Front.jpg",Harvey Bold,CC BY 4.0
Kia,EV3,Zwart,ok,images/kia_ev3_zwart.jpg,https://commons.wikimedia.org/wiki/File:Kia_EV3_SV1_Aurora_Black_Pearl_Test_Vehicle_(1).jpg,Damian B Oh,CC BY-SA 4.0
Kia,EV3,Wit,ok,images/kia_ev3_wit.jpg,https://commons.wikimedia.org/wiki/File:Kia_EV3_Earth_SV1_Snow_White_Pearl_(132).jpg,Damian B Oh,CC BY-SA 4.0
Kia,EV3,Grijs metallic,ok,images/kia_ev3_grijs-metallic.jpg,https://commons.wikimedia.org/wiki/File:Kia_EV3_SV1_Shale_Grey_(23).jpg,Damian B Oh,CC BY-SA 4.0
Kia,EV3,Zilver metallic,ok,images/kia_ev3_zilver-metallic.jpg,https://commons.wikimedia.org/wiki/File:Kia_EV3_SV1_Ivory_Silver_(1).jpg,Damian B Oh,CC BY-SA 4.0
Kia,EV3,Blauw metallic,herkleurd,images/kia_ev3_blauw-metallic_herkleurd.jpg,https://commons.wikimedia.org/wiki/File:Kia_EV3_SV1_Aventurine_Green_(1).jpg,Damian B Oh,CC BY-SA 4.0
Kia,EV3,Rood metallic,herkleurd,images/kia_ev3_rood-metallic_herkleurd.jpg,https://commons.wikimedia.org/wiki/File:Kia_EV3_SV1_Aventurine_Green_(1).jpg,Damian B Oh,CC BY-SA 4.0
Kia,EV3,Groen metallic,ok,images/kia_ev3_groen-metallic.jpg,https://commons.wikimedia.org/wiki/File:Kia_EV3_SV1_Aventurine_Green_(1).jpg,Damian B Oh,CC BY-SA 4.0
Kia,EV3,Bruin metallic,herkleurd,images/kia_ev3_bruin-metallic_herkleurd.jpg,https://commons.wikimedia.org/wiki/File:Kia_EV3_SV1_Aventurine_Green_(1).jpg,Damian B Oh,CC BY-SA 4.0
Kia,EV6,Zwart,ok,images/kia_ev6_zwart.jpg,"https://commons.wikimedia.org/wiki/File:2024_Kia_EV6_GT-Line_in_Aurora_Black_Pearl,_front_right,_07-19-2024.jpg",Ethan Llamas,CC BY-SA 4.0
Kia,EV6,Wit,ok,images/kia_ev6_wit.jpg,https://commons.wikimedia.org/wiki/File:Kia_EV6_GT-Line_Snow_White_Pearl_-_rear.jpg,Ethan Llamas,CC BY-SA 4.0
Kia,EV6,Grijs metallic,ok,images/kia_ev6_grijs-metallic.jpg,https://commons.wikimedia.org/wiki/File:Kia_EV6_CV1_GT-Line_Moonscape_Matte_Gray.jpg,Ethan Llamas,CC BY-SA 4.0
Kia,EV6,Zilver metallic,herkleurd,images/kia_ev6_zilver-metallic_herkleurd.jpg,https://commons.wikimedia.org/wiki/File:Kia_EV6_GT-Line_Snow_White_Pearl_-_rear.jpg,Ethan Llamas,CC BY-SA 4.0
Kia,EV6,Blauw metallic,ok,images/kia_ev6_blauw-metallic.jpg,https://commons.wikimedia.org/wiki/File:Kia_EV6_GT-Line_CV_Yacht_Blue_(2).jpg,Damian B Oh,CC BY-SA 4.0
Kia,EV6,Rood metallic,ok,images/kia_ev6_rood-metallic.jpg,https://commons.wikimedia.org/wiki/File:2022_Kia_EV6_(red).jpg,DestinationFearFan,CC BY-SA 4.0
Kia,EV6,Groen metallic,herkleurd,images/kia_ev6_groen-metallic_herkleurd.jpg,https://commons.wikimedia.org/wiki/File:Kia_EV6_GT-Line_CV_Yacht_Blue_(2).jpg,Damian B Oh,CC BY-SA 4.0
Kia,EV6,Bruin metallic,herkleurd,images/kia_ev6_bruin-metallic_herkleurd.jpg,https://commons.wikimedia.org/wiki/File:Kia_EV6_GT-Line_CV_Yacht_Blue_(2).jpg,Damian B Oh,CC BY-SA 4.0
Kia,Niro,Zwart,ok,images/kia_niro_zwart.jpg,https://commons.wikimedia.org/wiki/File:Kia_Niro_Plus_Taxi_DE_PBV_EV_Aurora_Black_Pearl_(1).jpg,Damian B Oh,CC BY-SA 4.0
Kia,Niro,Wit,ok,images/kia_niro_wit.jpg,https://commons.wikimedia.org/wiki/File:Kia_Niro_EV_SG2_EV_white_(1).jpg,Damian B Oh,CC BY-SA 4.0
Kia,Niro,Grijs metallic,ok,images/kia_niro_grijs-metallic.jpg,https://commons.wikimedia.org/wiki/File:Kia_Niro_Hybrid_SG2_Steel_Gray_(4).jpg,Damian B Oh,CC BY-SA 4.0
Kia,Niro,Zilver metallic,herkleurd,images/kia_niro_zilver-metallic_herkleurd.jpg,https://commons.wikimedia.org/wiki/File:Kia_Niro_EV_SG2_EV_white_(1).jpg,Damian B Oh,CC BY-SA 4.0
Kia,Niro,Blauw metallic,herkleurd,images/kia_niro_blauw-metallic_herkleurd.jpg,https://commons.wikimedia.org/wiki/File:Kia_Niro_Hybrid_SG2_Runway_Red_(1).jpg,Damian B Oh,CC BY-SA 4.0
Kia,Niro,Rood metallic,ok,images/kia_niro_rood-metallic.jpg,https://commons.wikimedia.org/wiki/File:Kia_Niro_Hybrid_SG2_Runway_Red_(1).jpg,Damian B Oh,CC BY-SA 4.0
Kia,Niro,Groen metallic,ok,images/kia_niro_groen-metallic.jpg,https://commons.wikimedia.org/wiki/File:Kia_Niro_Hybrid_SG2_HEV_green_(1).jpg,Damian B Oh,CC BY-SA 4.0
Kia,Niro,Bruin metallic,herkleurd,images/kia_niro_bruin-metallic_herkleurd.jpg,https://commons.wikimedia.org/wiki/File:Kia_Niro_Hybrid_SG2_Runway_Red_(1).jpg,Damian B Oh,CC BY-SA 4.0
Kia,Sportage,Zwart,ok,images/kia_sportage_zwart.jpg,https://commons.wikimedia.org/wiki/File:Kia_Sportage_NQ5_Fusion_Black_(1).jpg,Damian B Oh,CC BY-SA 4.0
Kia,Sportage,Wit,ok,images/kia_sportage_wit.jpg,https://commons.wikimedia.org/wiki/File:Kia_Sportage_1.6T_2WD_Signature_NQ5_PE_Snow_White_Pearl_(12).jpg,Damian B Oh,CC BY-SA 4.0
Kia,Sportage,Grijs metallic,ok,images/kia_sportage_grijs-metallic.jpg,https://commons.wikimedia.org/wiki/File:Kia_Sportage_NQ5_PE_1.6T_EX_HEV_Wolf_Grey_01.jpg,Ethan Llamas,CC BY-SA 4.0
Kia,Sportage,Zilver metallic,ok,images/kia_sportage_zilver-metallic.jpg,"https://commons.wikimedia.org/wiki/File:2007_Kia_Sportage_LX_in_Steel_Silver,_front_left,_08-08-2026.jpg",Cutlass,CC0
Kia,Sportage,Blauw metallic,ok,images/kia_sportage_blauw-metallic.jpg,https://commons.wikimedia.org/wiki/File:Kia_Sportage_NQ5_PE_1.6T_SX_HEV_Heritage_Blue_01.jpg,Ethan Llamas,CC BY-SA 4.0
Kia,Sportage,Rood metallic,ok,images/kia_sportage_rood-metallic.jpg,"https://commons.wikimedia.org/wiki/File:2006_Kia_Sportage_LX_in_Volcanic_Red,_Front_Right,_07-19-2022.jpg",Elise240SX,CC BY-SA 4.0
Kia,Sportage,Groen metallic,ok,images/kia_sportage_groen-metallic.jpg,"https://commons.wikimedia.org/wiki/File:2026_Kia_Sportage_X-Line_in_Jungle_Green,_front_left,_2026-04-03.jpg",Elise240SX,CC BY-SA 4.0
Kia,Sportage,Bruin metallic,ok,images/kia_sportage_bruin-metallic.jpg,https://commons.wikimedia.org/wiki/File:2007_Kia_Sportage_brown_rear.jpg,Throwawayacc222,CC0
MINI,Clubman,Zwart,ok,images/mini_clubman_zwart.jpg,https://commons.wikimedia.org/wiki/File:MINI_F54_LCI_Clubman_John_Cooper_Works_ALL4_Midnight_Black_(9).jpg,Damian B Oh,CC BY-SA 4.0
MINI,Clubman,Wit,ok,images/mini_clubman_wit.jpg,https://commons.wikimedia.org/wiki/File:MINI_R55_Clubman_Cooper_Pepper_White_(1).jpg,Damian B Oh,CC BY-SA 4.0
MINI,Clubman,Grijs metallic,ok,images/mini_clubman_grijs-metallic.jpg,https://commons.wikimedia.org/wiki/File:Mini_Clubman_R55_Cooper_Eclipse_Grey_Metallic_(1).jpg,Damian B Oh,CC BY-SA 4.0
MINI,Clubman,Zilver metallic,ok,images/mini_clubman_zilver-metallic.jpg,"https://commons.wikimedia.org/wiki/File:2024_Mini_Clubman_Final_Edition_in_Melting_Silver,_rear_right,_07-04-2024.jpg",Ethan Llamas,CC BY-SA 4.0
MINI,Clubman,Blauw metallic,ok,images/mini_clubman_blauw-metallic.jpg,https://commons.wikimedia.org/wiki/File:Mini_F54_LCI_Clubman_Cooper_Island_Blue_(1).jpg,Damian B Oh,CC BY-SA 4.0
MINI,Clubman,Rood metallic,ok,images/mini_clubman_rood-metallic.jpg,"https://commons.wikimedia.org/wiki/File:2022_MINI_Clubman_Cooper_S_Sport_-_1998cc_2.0_(178PS)_Petrol_-_Chili_Red_-_08-2024,_Front.jpg",Harvey Bold,CC BY 4.0
MINI,Clubman,Groen metallic,ok,images/mini_clubman_groen-metallic.jpg,https://commons.wikimedia.org/wiki/File:Peninsula_green_Mini_Cooper_Clubman_rl.jpeg,MB-one,CC BY-SA 3.0
MINI,Clubman,Bruin metallic,herkleurd,images/mini_clubman_bruin-metallic_herkleurd.jpg,https://commons.wikimedia.org/wiki/File:Mini_F54_LCI_Clubman_Cooper_Island_Blue_(1).jpg,Damian B Oh,CC BY-SA 4.0
MINI,Cooper,Zwart,ok,images/mini_cooper_zwart.jpg,https://commons.wikimedia.org/wiki/File:MINI_F66_Cooper_S_Favoured_3_Door_Midnight_Black_II_(3).jpg,Damian B Oh,CC BY-SA 4.0
MINI,Cooper,Wit,ok,images/mini_cooper_wit.jpg,https://commons.wikimedia.org/wiki/File:MINI_F55_LCI_Hatch_Cooper_Pepper_White_(2).jpg,Damian B Oh,CC BY-SA 4.0
MINI,Cooper,Grijs metallic,ok,images/mini_cooper_grijs-metallic.jpg,https://commons.wikimedia.org/wiki/File:Mini_F56_Hatch_Cooper_SE_Electric_Moonwalk_Grey_(5).jpg,Damian B Oh,CC BY-SA 4.0
MINI,Cooper,Zilver metallic,ok,images/mini_cooper_zilver-metallic.jpg,https://commons.wikimedia.org/wiki/File:Mini_F54_Clubman_Cooper_S_Pure_Burgundy_Melting_Silver_(3).jpg,Damian B Oh,CC BY-SA 4.0
MINI,Cooper,Blauw metallic,ok,images/mini_cooper_blauw-metallic.jpg,https://commons.wikimedia.org/wiki/File:MINI_F56_LCI_Hatch_Cooper_Island_Blue_(3).jpg,Damian B Oh,CC BY-SA 4.0
MINI,Cooper,Rood metallic,ok,images/mini_cooper_rood-metallic.jpg,https://commons.wikimedia.org/wiki/File:QueensEngOrientation2022_-_Red_Bull_Mini_Cooper.jpg,Andrepoiy,CC BY-SA 4.0
MINI,Cooper,Groen metallic,herkleurd,images/mini_cooper_groen-metallic_herkleurd.jpg,https://commons.wikimedia.org/wiki/File:MINI_F56_LCI_Hatch_Cooper_Island_Blue_(3).jpg,Damian B Oh,CC BY-SA 4.0
MINI,Cooper,Bruin metallic,herkleurd,images/mini_cooper_bruin-metallic_herkleurd.jpg,https://commons.wikimedia.org/wiki/File:MINI_F56_LCI_Hatch_Cooper_Island_Blue_(3).jpg,Damian B Oh,CC BY-SA 4.0
MINI,Countryman,Zwart,herkleurd,images/mini_countryman_zwart_herkleurd.jpg,https://commons.wikimedia.org/wiki/File:Mini_R60_LCI_Countryman_Cooper_D_ALL4_Light_White_(6).jpg,Damian B Oh,CC BY-SA 4.0
MINI,Countryman,Wit,ok,images/mini_countryman_wit.jpg,https://commons.wikimedia.org/wiki/File:Mini_R60_LCI_Countryman_Cooper_D_ALL4_Light_White_(6).jpg,Damian B Oh,CC BY-SA 4.0
MINI,Countryman,Grijs metallic,ok,images/mini_countryman_grijs-metallic.jpg,"https://commons.wikimedia.org/wiki/File:2016_Mini_Countryman_Cooper_S_All4_Park_Lane_in_Earl_Grey_Metallic,_front_right,_2024-06-30.jpg",Elise240SX,CC BY-SA 4.0
MINI,Countryman,Zilver metallic,ok,images/mini_countryman_zilver-metallic.jpg,https://commons.wikimedia.org/wiki/File:Mini_Countryman_S_Electric_U25_Classic_ALL4_Melting_Silver_-_rear.jpg,Ethan Llamas,CC BY-SA 4.0
MINI,Countryman,Blauw metallic,ok,images/mini_countryman_blauw-metallic.jpg,"https://commons.wikimedia.org/wiki/File:Moscow,_Mini_Countryman_(F60)_blue-beige,_May_2026_02.jpg",Retired electrician,CC0
MINI,Countryman,Rood metallic,ok,images/mini_countryman_rood-metallic.jpg,"https://commons.wikimedia.org/wiki/File:Blazing_Red_2015_MINI_Cooper_S_Countryman_R60_Side_View_Photographed_in_Felixstow,_South_Australia.jpg",MINI Cooper Lover,CC BY-SA 4.0
MINI,Countryman,Groen metallic,ok,images/mini_countryman_groen-metallic.jpg,https://commons.wikimedia.org/wiki/File:MINI_U25E_Countryman_SE_ALL4_Favoured_Smokey_Green_(1).jpg,Damian B Oh,CC BY-SA 4.0
MINI,Countryman,Bruin metallic,ok,images/mini_countryman_bruin-metallic.jpg,https://commons.wikimedia.org/wiki/File:2015_Mini_Countryman_(W%D0%9CW)_brown_front.jpg,Throwawayacc222,CC0
Mercedes-Benz,A-Klasse,Wit,ok,images/mercedes-benz_a-klasse_wit.jpg,"https://commons.wikimedia.org/wiki/File:White_2012_Mercedes-Benz_169_(Mercedes_A-Klasse_A_160_(169),_70kw,_ABE).JPG",Jonatan Svensson Glad,CC BY-SA 4.0
Mercedes-Benz,A-Klasse,Grijs metallic,herkleurd,images/mercedes-benz_a-klasse_grijs-metallic_herkleurd.jpg,"https://commons.wikimedia.org/wiki/File:White_2012_Mercedes-Benz_169_(Mercedes_A-Klasse_A_160_(169),_70kw,_ABE).JPG",Jonatan Svensson Glad,CC BY-SA 4.0
Mercedes-Benz,A-Klasse,Zilver metallic,herkleurd,images/mercedes-benz_a-klasse_zilver-metallic_herkleurd.jpg,"https://commons.wikimedia.org/wiki/File:White_2012_Mercedes-Benz_169_(Mercedes_A-Klasse_A_160_(169),_70kw,_ABE).JPG",Jonatan Svensson Glad,CC BY-SA 4.0
Mercedes-Benz,A-Klasse,Blauw metallic,missing,,,,
Mercedes-Benz,A-Klasse,Rood metallic,missing,,,,
Mercedes-Benz,A-Klasse,Groen metallic,missing,,,,
Mercedes-Benz,A-Klasse,Bruin metallic,missing,,,,
Mercedes-Benz,A-Klasse,Zwart,herkleurd,images/mercedes-benz_a-klasse_zwart_herkleurd.jpg,"https://commons.wikimedia.org/wiki/File:White_2012_Mercedes-Benz_169_(Mercedes_A-Klasse_A_160_(169),_70kw,_ABE).JPG",Jonatan Svensson Glad,CC BY-SA 4.0
Mercedes-Benz,C-Klasse,Wit,missing,,,,
Mercedes-Benz,C-Klasse,Grijs metallic,missing,,,,
Mercedes-Benz,C-Klasse,Zilver metallic,missing,,,,
Mercedes-Benz,C-Klasse,Blauw metallic,missing,,,,
Mercedes-Benz,C-Klasse,Rood metallic,missing,,,,
Mercedes-Benz,C-Klasse,Groen metallic,missing,,,,
Mercedes-Benz,C-Klasse,Bruin metallic,missing,,,,
Mercedes-Benz,C-Klasse,Zwart,onbekende-kleur,images/mercedes-benz_c-klasse_zwart.jpg,"https://commons.wikimedia.org/wiki/File:M%C3%BCnster,_Beresa,_Mercedes-Benz_C-Klasse_Cabrio_--_2018_--_1708.jpg",Dietmar Rabich,CC BY-SA 4.0
Mercedes-Benz,EQA,Zwart,herkleurd,images/mercedes-benz_eqa_zwart_herkleurd.jpg,"https://commons.wikimedia.org/wiki/File:2025_Mercedes-Benz_EQA_250%2B_AMG_Line_Executive_EV_-_70.5kWh_(190PS)_Electric_-_Polar_White_-_03-2025,_Front.jpg",Harvey Bold,CC0
Mercedes-Benz,EQA,Wit,ok,images/mercedes-benz_eqa_wit.jpg,"https://commons.wikimedia.org/wiki/File:2025_Mercedes-Benz_EQA_250%2B_AMG_Line_Executive_EV_-_70.5kWh_(190PS)_Electric_-_Polar_White_-_03-2025,_Front.jpg",Harvey Bold,CC0
Mercedes-Benz,EQA,Grijs metallic,ok,images/mercedes-benz_eqa_grijs-metallic.jpg,"https://commons.wikimedia.org/wiki/File:2021_Mercedes-Benz_EQA_250_AMG_Line_-_66kWh_(190PS)_Electric_-_Mountain_Grey_-_02-2024,_Front.jpg",Harvey Bold,CC BY 4.0
Mercedes-Benz,EQA,Zilver metallic,ok,images/mercedes-benz_eqa_zilver-metallic.jpg,https://commons.wikimedia.org/wiki/File:Mercedes-Benz_H243_EQA_250_Iridium_Silver_Metallic_(2).jpg,Damian B Oh,CC BY-SA 4.0
Mercedes-Benz,EQA,Blauw metallic,ok,images/mercedes-benz_eqa_blauw-metallic.jpg,https://commons.wikimedia.org/wiki/File:Mercedes-Benz_H243_EQA_250_AMG_Line_Denim_Blue_Metallic.jpg,Damian B Oh,CC BY-SA 4.0
Mercedes-Benz,EQA,Rood metallic,herkleurd,images/mercedes-benz_eqa_rood-metallic_herkleurd.jpg,https://commons.wikimedia.org/wiki/File:Mercedes-Benz_H243_EQA_250_AMG_Line_Denim_Blue_Metallic.jpg,Damian B Oh,CC BY-SA 4.0
Mercedes-Benz,EQA,Groen metallic,herkleurd,images/mercedes-benz_eqa_groen-metallic_herkleurd.jpg,https://commons.wikimedia.org/wiki/File:Mercedes-Benz_H243_EQA_250_AMG_Line_Denim_Blue_Metallic.jpg,Damian B Oh,CC BY-SA 4.0
Mercedes-Benz,EQA,Bruin metallic,herkleurd,images/mercedes-benz_eqa_bruin-metallic_herkleurd.jpg,https://commons.wikimedia.org/wiki/File:Mercedes-Benz_H243_EQA_250_AMG_Line_Denim_Blue_Metallic.jpg,Damian B Oh,CC BY-SA 4.0
Mercedes-Benz,GLA,Zwart,ok,images/mercedes-benz_gla_zwart.jpg,https://commons.wikimedia.org/wiki/File:2015_Mercedes-Benz_GLA_45_AMG_(WDC)_black_rear.jpg,Throwawayacc222,CC0
Mercedes-Benz,GLA,Wit,herkleurd,images/mercedes-benz_gla_wit_herkleurd.jpg,"https://commons.wikimedia.org/wiki/File:2023_Mercedes-Benz_GLA_200d_AMG_Line_Premium_-_1950cc_2.0_(150PS)_Diesel_-_Grey_-_05-2024,_Front.jpg",Harvey Bold,CC BY 4.0
Mercedes-Benz,GLA,Grijs metallic,ok,images/mercedes-benz_gla_grijs-metallic.jpg,"https://commons.wikimedia.org/wiki/File:2023_Mercedes-Benz_GLA_200d_AMG_Line_Premium_-_1950cc_2.0_(150PS)_Diesel_-_Grey_-_05-2024,_Front.jpg",Harvey Bold,CC BY 4.0
Mercedes-Benz,GLA,Zilver metallic,herkleurd,images/mercedes-benz_gla_zilver-metallic_herkleurd.jpg,"https://commons.wikimedia.org/wiki/File:2023_Mercedes-Benz_GLA_200d_AMG_Line_Premium_-_1950cc_2.0_(150PS)_Diesel_-_Grey_-_05-2024,_Front.jpg",Harvey Bold,CC BY 4.0
Mercedes-Benz,GLA,Blauw metallic,herkleurd,images/mercedes-benz_gla_blauw-metallic_herkleurd.jpg,https://commons.wikimedia.org/wiki/File:2019_Mercedes-Benz_GLA_200_(WDC)_red_rear.jpg,Throwawayacc222,CC0
Mercedes-Benz,GLA,Rood metallic,ok,images/mercedes-benz_gla_rood-metallic.jpg,https://commons.wikimedia.org/wiki/File:2019_Mercedes-Benz_GLA_200_(WDC)_red_rear.jpg,Throwawayacc222,CC0
Mercedes-Benz,GLA,Groen metallic,herkleurd,images/mercedes-benz_gla_groen-metallic_herkleurd.jpg,https://commons.wikimedia.org/wiki/File:2019_Mercedes-Benz_GLA_200_(WDC)_red_rear.jpg,Throwawayacc222,CC0
Mercedes-Benz,GLA,Bruin metallic,herkleurd,images/mercedes-benz_gla_bruin-metallic_herkleurd.jpg,https://commons.wikimedia.org/wiki/File:2019_Mercedes-Benz_GLA_200_(WDC)_red_rear.jpg,Throwawayacc222,CC0
Mercedes-Benz,GLC,Zwart,ok,images/mercedes-benz_glc_zwart.jpg,"https://commons.wikimedia.org/wiki/File:Black_Mercedes_GLC,_Richtenberg_(P1090449).jpg",Matti Blume,CC BY-SA 4.0
Mercedes-Benz,GLC,Wit,herkleurd,images/mercedes-benz_glc_wit_herkleurd.jpg,https://commons.wikimedia.org/wiki/File:Mercedes-AMG_GLC_43_X253_Selenite_Grey_Metallic_(4).jpg,Damian B Oh,CC BY-SA 4.0
Mercedes-Benz,GLC,Grijs metallic,ok,images/mercedes-benz_glc_grijs-metallic.jpg,https://commons.wikimedia.org/wiki/File:Mercedes-AMG_GLC_43_X253_Selenite_Grey_Metallic_(4).jpg,Damian B Oh,CC BY-SA 4.0
Mercedes-Benz,GLC,Zilver metallic,ok,images/mercedes-benz_glc_zilver-metallic.jpg,"https://commons.wikimedia.org/wiki/File:2019_Mercedes-Benz_GLC_300_4Matic_in_Mojave_Silver_Metallic,_front_right,_2024-11-14.jpg",Elise240SX,CC BY-SA 4.0
Mercedes-Benz,GLC,Blauw metallic,ok,images/mercedes-benz_glc_blauw-metallic.jpg,"https://commons.wikimedia.org/wiki/File:Moscow,_Mercedes-Benz_GLC-Class_blue,_Aug_2025_02.jpg",Retired electrician,CC0
Mercedes-Benz,GLC,Rood metallic,herkleurd,images/mercedes-benz_glc_rood-metallic_herkleurd.jpg,"https://commons.wikimedia.org/wiki/File:Moscow,_Mercedes-Benz_GLC-Class_blue,_Aug_2025_02.jpg",Retired electrician,CC0
Mercedes-Benz,GLC,Groen metallic,herkleurd,images/mercedes-benz_glc_groen-metallic_herkleurd.jpg,"https://commons.wikimedia.org/wiki/File:Moscow,_Mercedes-Benz_GLC-Class_blue,_Aug_2025_02.jpg",Retired electrician,CC0
Mercedes-Benz,GLC,Bruin metallic,herkleurd,images/mercedes-benz_glc_bruin-metallic_herkleurd.jpg,"https://commons.wikimedia.org/wiki/File:Moscow,_Mercedes-Benz_GLC-Class_blue,_Aug_2025_02.jpg",Retired electrician,CC0
Nissan,Ariya,Wit,missing,,,,
Nissan,Ariya,Grijs metallic,missing,,,,
Nissan,Ariya,Zilver metallic,missing,,,,
Nissan,Ariya,Blauw metallic,missing,,,,
Nissan,Ariya,Rood metallic,missing,,,,
Nissan,Ariya,Groen metallic,missing,,,,
Nissan,Ariya,Bruin metallic,missing,,,,
Nissan,Ariya,Zwart,onbekende-kleur,images/nissan_ariya_zwart.jpg,https://commons.wikimedia.org/wiki/File:NISSAN_ARIYA_China_(4).jpg,Dinkun Chen,CC BY-SA 4.0
Nissan,Juke,Zwart,ok,images/nissan_juke_zwart.jpg,"https://commons.wikimedia.org/wiki/File:Moscow,_Nissan_Juke_black,_Mar_2026_01.jpg",Retired electrician,CC0
Nissan,Juke,Wit,ok,images/nissan_juke_wit.jpg,https://commons.wikimedia.org/wiki/File:Nissan_Juke_white.jpg,Technicalparameters.eu,CC BY-SA 4.0
Nissan,Juke,Grijs metallic,herkleurd,images/nissan_juke_grijs-metallic_herkleurd.jpg,https://commons.wikimedia.org/wiki/File:Nissan_Juke_white.jpg,Technicalparameters.eu,CC BY-SA 4.0
Nissan,Juke,Zilver metallic,herkleurd,images/nissan_juke_zilver-metallic_herkleurd.jpg,https://commons.wikimedia.org/wiki/File:Nissan_Juke_white.jpg,Technicalparameters.eu,CC BY-SA 4.0
Nissan,Juke,Blauw metallic,ok,images/nissan_juke_blauw-metallic.jpg,https://commons.wikimedia.org/wiki/File:Nissan_Juke_F16_Ink_Blue_(2).jpg,Damian B Oh,CC BY-SA 4.0
Nissan,Juke,Rood metallic,ok,images/nissan_juke_rood-metallic.jpg,"https://commons.wikimedia.org/wiki/File:2020_Nissan_Juke_Tekna_DIG-T_-_999cc_1.0_(117PS)_Petrol_-_Flame_Red_-_05-2024,_Front.jpg",Harvey Bold,CC BY 4.0
Nissan,Juke,Groen metallic,herkleurd,images/nissan_juke_groen-metallic_herkleurd.jpg,https://commons.wikimedia.org/wiki/File:Nissan_Juke_F16_Ink_Blue_(2).jpg,Damian B Oh,CC BY-SA 4.0
Nissan,Juke,Bruin metallic,herkleurd,images/nissan_juke_bruin-metallic_herkleurd.jpg,https://commons.wikimedia.org/wiki/File:Nissan_Juke_F16_Ink_Blue_(2).jpg,Damian B Oh,CC BY-SA 4.0
Nissan,Qashqai,Zwart,ok,images/nissan_qashqai_zwart.jpg,https://commons.wikimedia.org/wiki/File:Nissan_Qashqai_e-Power_J12_Pearl_Black_(1).jpg,Damian B Oh,CC BY-SA 4.0
Nissan,Qashqai,Wit,ok,images/nissan_qashqai_wit.jpg,"https://commons.wikimedia.org/wiki/File:Moscow,_Nissan_Qashqai_white,_Aug_2025_01.jpg",Retired electrician,CC0
Nissan,Qashqai,Grijs metallic,ok,images/nissan_qashqai_grijs-metallic.jpg,"https://commons.wikimedia.org/wiki/File:2019_Nissan_Qashqai_Acenta_Premium_DIG-T_-_1332cc_1.3_(140PS)_Petrol_-_Grey_-_05-2024,_Front.jpg",Harvey Bold,CC BY 4.0
Nissan,Qashqai,Zilver metallic,ok,images/nissan_qashqai_zilver-metallic.jpg,https://commons.wikimedia.org/wiki/File:Nissan_Qashqai%2B2_Acenta_Silver_Heck.JPG,Thomas doerfer,CC BY-SA 3.0
Nissan,Qashqai,Blauw metallic,ok,images/nissan_qashqai_blauw-metallic.jpg,"https://commons.wikimedia.org/wiki/File:Moscow,_Nissan_Qashqai_(J11)_bright-blue,_Sept_2025_01.jpg",Retired electrician,CC0
Nissan,Qashqai,Rood metallic,ok,images/nissan_qashqai_rood-metallic.jpg,"https://commons.wikimedia.org/wiki/File:2022_Nissan_Qashqai_Acenta_Premium_DIG-T_-_1332cc_1.3_(160PS)_Petrol_-_Red_-_02-2025,_Front.jpg",Harvey Bold,CC0
Nissan,Qashqai,Groen metallic,ok,images/nissan_qashqai_groen-metallic.jpg,"https://commons.wikimedia.org/wiki/File:Moscow,_Nissan_Qashqai_dark-green,_Sept_2025_01.jpg",Retired electrician,CC0
Nissan,Qashqai,Bruin metallic,herkleurd,images/nissan_qashqai_bruin-metallic_herkleurd.jpg,"https://commons.wikimedia.org/wiki/File:Moscow,_Nissan_Qashqai_(J11)_bright-blue,_Sept_2025_01.jpg",Retired electrician,CC0
Opel,Astra Sports Tourer,Wit,herkleurd,images/opel_astra-sports-tourer_wit_herkleurd.jpg,"https://commons.wikimedia.org/wiki/File:Moscow,_Opel_Astra_K_Sports_Tourer_red,_Aug_2026_01.jpg",Retired electrician,CC0
Opel,Astra Sports Tourer,Grijs metallic,herkleurd,images/opel_astra-sports-tourer_grijs-metallic_herkleurd.jpg,"https://commons.wikimedia.org/wiki/File:Moscow,_Opel_Astra_K_Sports_Tourer_red,_Aug_2026_01.jpg",Retired electrician,CC0
Opel,Astra Sports Tourer,Zilver metallic,herkleurd,images/opel_astra-sports-tourer_zilver-metallic_herkleurd.jpg,"https://commons.wikimedia.org/wiki/File:Moscow,_Opel_Astra_K_Sports_Tourer_red,_Aug_2026_01.jpg",Retired electrician,CC0
Opel,Astra Sports Tourer,Blauw metallic,herkleurd,images/opel_astra-sports-tourer_blauw-metallic_herkleurd.jpg,"https://commons.wikimedia.org/wiki/File:Moscow,_Opel_Astra_K_Sports_Tourer_red,_Aug_2026_01.jpg",Retired electrician,CC0
Opel,Astra Sports Tourer,Rood metallic,ok,images/opel_astra-sports-tourer_rood-metallic.jpg,"https://commons.wikimedia.org/wiki/File:Moscow,_Opel_Astra_K_Sports_Tourer_red,_Aug_2026_01.jpg",Retired electrician,CC0
Opel,Astra Sports Tourer,Groen metallic,herkleurd,images/opel_astra-sports-tourer_groen-metallic_herkleurd.jpg,"https://commons.wikimedia.org/wiki/File:Moscow,_Opel_Astra_K_Sports_Tourer_red,_Aug_2026_01.jpg",Retired electrician,CC0
Opel,Astra Sports Tourer,Bruin metallic,herkleurd,images/opel_astra-sports-tourer_bruin-metallic_herkleurd.jpg,"https://commons.wikimedia.org/wiki/File:Moscow,_Opel_Astra_K_Sports_Tourer_red,_Aug_2026_01.jpg",Retired electrician,CC0
Opel,Astra Sports Tourer,Zwart,herkleurd,images/opel_astra-sports-tourer_zwart_herkleurd.jpg,"https://commons.wikimedia.org/wiki/File:Moscow,_Opel_Astra_K_Sports_Tourer_red,_Aug_2026_01.jpg",Retired electrician,CC0
Opel,Corsa,Wit,ok,images/opel_corsa_wit.jpg,"https://commons.wikimedia.org/wiki/File:Moscow,_Opel_Corsa_white,_Apr_2026_01.jpg",Retired electrician,CC0
Opel,Corsa,Grijs metallic,herkleurd,images/opel_corsa_grijs-metallic_herkleurd.jpg,"https://commons.wikimedia.org/wiki/File:Moscow,_Opel_Corsa_white,_Apr_2026_01.jpg",Retired electrician,CC0
Opel,Corsa,Zilver metallic,ok,images/opel_corsa_zilver-metallic.jpg,"https://commons.wikimedia.org/wiki/File:2018_Opel_Corsa_in_Sovereign_Silver_Metallic,_front_left,_06-05-2025.jpg",Cutlass,CC0
Opel,Corsa,Blauw metallic,herkleurd,images/opel_corsa_blauw-metallic_herkleurd.jpg,https://commons.wikimedia.org/wiki/File:Opel_Corsa_red_vr_2006_EMS.jpg,,CC BY-SA 3.0
Opel,Corsa,Rood metallic,ok,images/opel_corsa_rood-metallic.jpg,https://commons.wikimedia.org/wiki/File:Opel_Corsa_red_vr_2006_EMS.jpg,,CC BY-SA 3.0
Opel,Corsa,Groen metallic,herkleurd,images/opel_corsa_groen-metallic_herkleurd.jpg,https://commons.wikimedia.org/wiki/File:Opel_Corsa_red_vr_2006_EMS.jpg,,CC BY-SA 3.0
Opel,Corsa,Bruin metallic,herkleurd,images/opel_corsa_bruin-metallic_herkleurd.jpg,https://commons.wikimedia.org/wiki/File:Opel_Corsa_red_vr_2006_EMS.jpg,,CC BY-SA 3.0
Opel,Corsa,Zwart,herkleurd,images/opel_corsa_zwart_herkleurd.jpg,"https://commons.wikimedia.org/wiki/File:Moscow,_Opel_Corsa_white,_Apr_2026_01.jpg",Retired electrician,CC0
Peugeot,2008,Zwart,ok,images/peugeot_2008_zwart.jpg,"https://commons.wikimedia.org/wiki/File:2022_Peugeot_2008_1.2_Allure_in_Nexa_Black,_06-22-2024.jpg",Ethan Llamas,CC BY-SA 4.0
Peugeot,2008,Wit,ok,images/peugeot_2008_wit.jpg,"https://commons.wikimedia.org/wiki/File:2015_Peugeot_2008_in_Bianca_White,_rear_right,_06-08-2025.jpg",Cutlass,CC0
Peugeot,2008,Grijs metallic,ok,images/peugeot_2008_grijs-metallic.jpg,"https://commons.wikimedia.org/wiki/File:2020_Peugeot_2008_GT_Line_EV_-_54kWh_(136PS)_Electric_-_Nimbus_Grey_-_05-2024,_Front.jpg",Harvey Bold,CC BY 4.0
Peugeot,2008,Zilver metallic,herkleurd,images/peugeot_2008_zilver-metallic_herkleurd.jpg,"https://commons.wikimedia.org/wiki/File:2015_Peugeot_2008_in_Bianca_White,_rear_right,_06-08-2025.jpg",Cutlass,CC0
Peugeot,2008,Blauw metallic,ok,images/peugeot_2008_blauw-metallic.jpg,https://commons.wikimedia.org/wiki/File:2017_Peugeot_2008_Allure_Blue_HDi_facelift_1.6_Front.jpg,Vauxford,CC BY-SA 4.0
Peugeot,2008,Rood metallic,herkleurd,images/peugeot_2008_rood-metallic_herkleurd.jpg,https://commons.wikimedia.org/wiki/File:2017_Peugeot_2008_Allure_Blue_HDi_facelift_1.6_Front.jpg,Vauxford,CC BY-SA 4.0
Peugeot,2008,Groen metallic,ok,images/peugeot_2008_groen-metallic.jpg,https://commons.wikimedia.org/wiki/File:Peugeot_2008_concept_in_toxic_green_(8093808204).jpg,"Ben from LONDON, United Kingdom",CC BY-SA 2.0
Peugeot,2008,Bruin metallic,herkleurd,images/peugeot_2008_bruin-metallic_herkleurd.jpg,https://commons.wikimedia.org/wiki/File:2017_Peugeot_2008_Allure_Blue_HDi_facelift_1.6_Front.jpg,Vauxford,CC BY-SA 4.0
Peugeot,208,Zwart,ok,images/peugeot_208_zwart.jpg,https://commons.wikimedia.org/wiki/File:Peugeot_208_GT_Line_P21_Nera_Black.jpg,Damian B Oh,CC BY-SA 4.0
Peugeot,208,Wit,herkleurd,images/peugeot_208_wit_herkleurd.jpg,https://commons.wikimedia.org/wiki/File:Peugeot_208_GT_P21_Cumulus_Grey_(6).jpg,Damian B Oh,CC BY-SA 4.0
Peugeot,208,Grijs metallic,ok,images/peugeot_208_grijs-metallic.jpg,https://commons.wikimedia.org/wiki/File:Peugeot_208_GT_P21_Cumulus_Grey_(6).jpg,Damian B Oh,CC BY-SA 4.0
Peugeot,208,Zilver metallic,ok,images/peugeot_208_zilver-metallic.jpg,"https://commons.wikimedia.org/wiki/File:2016_Peugeot_208_Allure_PureTech_-_1200cc_1.2_(100PS)_Petrol_-_Silver_-_07-2024,_Front.jpg",Harvey Bold,CC0
Peugeot,208,Blauw metallic,ok,images/peugeot_208_blauw-metallic.jpg,https://commons.wikimedia.org/wiki/File:Peugeot_208_GT_P21_Vertigo_Blue_(17).jpg,Damian B Oh,CC BY-SA 4.0
Peugeot,208,Rood metallic,herkleurd,images/peugeot_208_rood-metallic_herkleurd.jpg,https://commons.wikimedia.org/wiki/File:Peugeot_208_GT_P21_Vertigo_Blue_(17).jpg,Damian B Oh,CC BY-SA 4.0
Peugeot,208,Groen metallic,herkleurd,images/peugeot_208_groen-metallic_herkleurd.jpg,https://commons.wikimedia.org/wiki/File:Peugeot_208_GT_P21_Vertigo_Blue_(17).jpg,Damian B Oh,CC BY-SA 4.0
Peugeot,208,Bruin metallic,herkleurd,images/peugeot_208_bruin-metallic_herkleurd.jpg,https://commons.wikimedia.org/wiki/File:Peugeot_208_GT_P21_Vertigo_Blue_(17).jpg,Damian B Oh,CC BY-SA 4.0
Peugeot,3008,Wit,herkleurd,images/peugeot_3008_wit_herkleurd.jpg,"https://commons.wikimedia.org/wiki/File:2016_Peugeot_3008_in_Vapor_Grey,_front_left,_06-08-2025.jpg",Cutlass,CC0
Peugeot,3008,Grijs metallic,ok,images/peugeot_3008_grijs-metallic.jpg,"https://commons.wikimedia.org/wiki/File:2016_Peugeot_3008_in_Vapor_Grey,_front_left,_06-08-2025.jpg",Cutlass,CC0
Peugeot,3008,Zilver metallic,herkleurd,images/peugeot_3008_zilver-metallic_herkleurd.jpg,"https://commons.wikimedia.org/wiki/File:2016_Peugeot_3008_in_Vapor_Grey,_front_left,_06-08-2025.jpg",Cutlass,CC0
Peugeot,3008,Blauw metallic,ok,images/peugeot_3008_blauw-metallic.jpg,"https://commons.wikimedia.org/wiki/File:2024_Peugeot_e-3008_Allure_EV_-_73kWh_(210PS)_Electric_-_Obsession_Blue_-_06-2024,_Front.jpg",Harvey Bold,CC BY 4.0
Peugeot,3008,Rood metallic,herkleurd,images/peugeot_3008_rood-metallic_herkleurd.jpg,"https://commons.wikimedia.org/wiki/File:2024_Peugeot_e-3008_Allure_EV_-_73kWh_(210PS)_Electric_-_Obsession_Blue_-_06-2024,_Front.jpg",Harvey Bold,CC BY 4.0
Peugeot,3008,Groen metallic,herkleurd,images/peugeot_3008_groen-metallic_herkleurd.jpg,"https://commons.wikimedia.org/wiki/File:2024_Peugeot_e-3008_Allure_EV_-_73kWh_(210PS)_Electric_-_Obsession_Blue_-_06-2024,_Front.jpg",Harvey Bold,CC BY 4.0
Peugeot,3008,Bruin metallic,herkleurd,images/peugeot_3008_bruin-metallic_herkleurd.jpg,"https://commons.wikimedia.org/wiki/File:2024_Peugeot_e-3008_Allure_EV_-_73kWh_(210PS)_Electric_-_Obsession_Blue_-_06-2024,_Front.jpg",Harvey Bold,CC BY 4.0
Peugeot,3008,Zwart,herkleurd,images/peugeot_3008_zwart_herkleurd.jpg,"https://commons.wikimedia.org/wiki/File:2016_Peugeot_3008_in_Vapor_Grey,_front_left,_06-08-2025.jpg",Cutlass,CC0
Peugeot,508 SW,Zwart,ok,images/peugeot_508-sw_zwart.jpg,https://commons.wikimedia.org/wiki/File:Peugeot_508_Peugeot_Sport_Engineered_SW_R83_Nera_Black_(2).jpg,Damian B Oh,CC BY-SA 4.0
Peugeot,508 SW,Wit,herkleurd,images/peugeot_508-sw_wit_herkleurd.jpg,https://commons.wikimedia.org/wiki/File:Peugeot_508_SW_GT_R83_Smart_Grey_(4).jpg,Damian B Oh,CC BY-SA 4.0
Peugeot,508 SW,Grijs metallic,ok,images/peugeot_508-sw_grijs-metallic.jpg,https://commons.wikimedia.org/wiki/File:Peugeot_508_SW_GT_R83_Smart_Grey_(4).jpg,Damian B Oh,CC BY-SA 4.0
Peugeot,508 SW,Zilver metallic,herkleurd,images/peugeot_508-sw_zilver-metallic_herkleurd.jpg,https://commons.wikimedia.org/wiki/File:Peugeot_508_SW_GT_R83_Smart_Grey_(4).jpg,Damian B Oh,CC BY-SA 4.0
Peugeot,508 SW,Blauw metallic,ok,images/peugeot_508-sw_blauw-metallic.jpg,https://commons.wikimedia.org/wiki/File:Peugeot_508_SW_GT_R83_Twilight_Blue_(1).jpg,Damian B Oh,CC BY-SA 4.0
Peugeot,508 SW,Rood metallic,herkleurd,images/peugeot_508-sw_rood-metallic_herkleurd.jpg,https://commons.wikimedia.org/wiki/File:Peugeot_508_SW_GT_R83_Twilight_Blue_(1).jpg,Damian B Oh,CC BY-SA 4.0
Peugeot,508 SW,Groen metallic,herkleurd,images/peugeot_508-sw_groen-metallic_herkleurd.jpg,https://commons.wikimedia.org/wiki/File:Peugeot_508_SW_GT_R83_Twilight_Blue_(1).jpg,Damian B Oh,CC BY-SA 4.0
Peugeot,508 SW,Bruin metallic,herkleurd,images/peugeot_508-sw_bruin-metallic_herkleurd.jpg,https://commons.wikimedia.org/wiki/File:Peugeot_508_SW_GT_R83_Twilight_Blue_(1).jpg,Damian B Oh,CC BY-SA 4.0
Porsche,Macan,Zwart,ok,images/porsche_macan_zwart.jpg,https://commons.wikimedia.org/wiki/File:Porsche_95B_Macan_S_diesel_Black_(11).jpg,Damian B Oh,CC BY-SA 4.0
Porsche,Macan,Wit,ok,images/porsche_macan_wit.jpg,https://commons.wikimedia.org/wiki/File:Porsche_Macan_XAB_White.jpg,Ethan Llamas,CC BY-SA 4.0
Porsche,Macan,Grijs metallic,ok,images/porsche_macan_grijs-metallic.jpg,https://commons.wikimedia.org/wiki/File:2020_Porsche_Macan_GTS_grey_rear.jpg,Throwawayacc222,CC0
Porsche,Macan,Zilver metallic,ok,images/porsche_macan_zilver-metallic.jpg,"https://commons.wikimedia.org/wiki/File:Moscow,_Porsche_Macan_silver,_July_2026_01.jpg",Retired electrician,CC0
Porsche,Macan,Blauw metallic,ok,images/porsche_macan_blauw-metallic.jpg,https://commons.wikimedia.org/wiki/File:Blue_Porsche_Macan_S_on_W_Ann_Rd.jpg,Noah Wulf,CC BY-SA 3.0
Porsche,Macan,Rood metallic,ok,images/porsche_macan_rood-metallic.jpg,"https://commons.wikimedia.org/wiki/File:Moscow,_Porsche_Macan_GTS_red,_Mar_2026_01.jpg",Retired electrician,CC0
Porsche,Macan,Groen metallic,ok,images/porsche_macan_groen-metallic.jpg,https://commons.wikimedia.org/wiki/File:Porsche_Macan_green.jpg,ИринаЯ,CC BY-SA 4.0
Porsche,Macan,Bruin metallic,ok,images/porsche_macan_bruin-metallic.jpg,https://commons.wikimedia.org/wiki/File:Brown_Porsche_Macan_GTS.jpg,Tokumeigakarinoaoshima,CC BY-SA 4.0
Porsche,Taycan,Zwart,ok,images/porsche_taycan_zwart.jpg,https://commons.wikimedia.org/wiki/File:Porsche_Taycan_2022_black_(2).jpg,Ethan Llamas,CC BY-SA 4.0
Porsche,Taycan,Wit,ok,images/porsche_taycan_wit.jpg,https://commons.wikimedia.org/wiki/File:Porsche_Taycan_9J1_II_Carrara_White_Metallic_02.jpg,Ethan Llamas,CC BY-SA 4.0
Porsche,Taycan,Grijs metallic,ok,images/porsche_taycan_grijs-metallic.jpg,https://commons.wikimedia.org/wiki/File:Porsche_Taycan_4S_Volcano_Grey_Metallic_(4).jpg,Damian B Oh,CC BY-SA 4.0
Porsche,Taycan,Zilver metallic,ok,images/porsche_taycan_zilver-metallic.jpg,https://commons.wikimedia.org/wiki/File:Porsche_Taycan_Dolomite_Silver_Metallic_01.jpg,Ethan Llamas,CC BY-SA 4.0
Porsche,Taycan,Blauw metallic,ok,images/porsche_taycan_blauw-metallic.jpg,"https://commons.wikimedia.org/wiki/File:2022_Porsche_Taycan_4S_EV_-_93kWh_(571PS)_Electric_-_Blue_-_02-2025,_Front.jpg",Harvey Bold,CC0
Porsche,Taycan,Rood metallic,ok,images/porsche_taycan_rood-metallic.jpg,https://commons.wikimedia.org/wiki/File:Red_Porsche_Taycan.jpg,בר,CC BY-SA 3.0
Porsche,Taycan,Groen metallic,herkleurd,images/porsche_taycan_groen-metallic_herkleurd.jpg,"https://commons.wikimedia.org/wiki/File:2022_Porsche_Taycan_4S_EV_-_93kWh_(571PS)_Electric_-_Blue_-_02-2025,_Front.jpg",Harvey Bold,CC0
Porsche,Taycan,Bruin metallic,herkleurd,images/porsche_taycan_bruin-metallic_herkleurd.jpg,"https://commons.wikimedia.org/wiki/File:2022_Porsche_Taycan_4S_EV_-_93kWh_(571PS)_Electric_-_Blue_-_02-2025,_Front.jpg",Harvey Bold,CC0
Renault,Captur,Zwart,herkleurd,images/renault_captur_zwart_herkleurd.jpg,https://commons.wikimedia.org/wiki/File:Geneva_MotorShow_2013_-_Renault_Captur_orange_with_white_roof.jpg,Clément Bucco-Lechat,CC BY-SA 3.0
Renault,Captur,Wit,ok,images/renault_captur_wit.jpg,https://commons.wikimedia.org/wiki/File:Geneva_MotorShow_2013_-_Renault_Captur_orange_with_white_roof.jpg,Clément Bucco-Lechat,CC BY-SA 3.0
Renault,Captur,Grijs metallic,ok,images/renault_captur_grijs-metallic.jpg,https://commons.wikimedia.org/wiki/File:Gray_Renault_Captur_car.jpg,Anna.Massini,CC BY 4.0
Renault,Captur,Zilver metallic,herkleurd,images/renault_captur_zilver-metallic_herkleurd.jpg,https://commons.wikimedia.org/wiki/File:Geneva_MotorShow_2013_-_Renault_Captur_orange_with_white_roof.jpg,Clément Bucco-Lechat,CC BY-SA 3.0
Renault,Captur,Blauw metallic,ok,images/renault_captur_blauw-metallic.jpg,https://commons.wikimedia.org/wiki/File:Renault_Captur_blue_(2).jpg,Damian B Oh,CC BY-SA 4.0
Renault,Captur,Rood metallic,ok,images/renault_captur_rood-metallic.jpg,https://commons.wikimedia.org/wiki/File:2017_Renault_Captur_front_tq_(red_phase_II)_crop.jpg,Steinfeld-feld,CC BY-SA 4.0
Renault,Captur,Groen metallic,herkleurd,images/renault_captur_groen-metallic_herkleurd.jpg,https://commons.wikimedia.org/wiki/File:Renault_Captur_blue_(2).jpg,Damian B Oh,CC BY-SA 4.0
Renault,Captur,Bruin metallic,herkleurd,images/renault_captur_bruin-metallic_herkleurd.jpg,https://commons.wikimedia.org/wiki/File:Renault_Captur_blue_(2).jpg,Damian B Oh,CC BY-SA 4.0
Renault,Clio,Zwart,ok,images/renault_clio_zwart.jpg,https://commons.wikimedia.org/wiki/File:Renault_Clio_TCe100_Techno_BF_Black_Diamond_(103).jpg,Damian B Oh,CC BY-SA 4.0
Renault,Clio,Wit,ok,images/renault_clio_wit.jpg,https://commons.wikimedia.org/wiki/File:Renault_Clio_I_White.jpg,Biology9,CC BY-SA 3.0
Renault,Clio,Grijs metallic,ok,images/renault_clio_grijs-metallic.jpg,"https://commons.wikimedia.org/wiki/File:2024_Renault_Clio_esprit_Alpine_HEV_-_1598cc_1.6_(140PS)_Petrol_Hybrid_-_Ceramic_Grey_-_07-2024,_Front.jpg",Harvey Bold,CC BY 4.0
Renault,Clio,Zilver metallic,ok,images/renault_clio_zilver-metallic.jpg,"https://commons.wikimedia.org/wiki/File:2023_Renault_Clio_Evolution_E-Tech_-_1598cc_1.6_(145PS)_Petrol_Hybrid_-_Silver_-_05-2024,_Front.jpg",Harvey Bold,CC BY 4.0
Renault,Clio,Blauw metallic,ok,images/renault_clio_blauw-metallic.jpg,https://commons.wikimedia.org/wiki/File:2024_Renault_Clio_1.6_E-Tech_Hybrid_espirit_Alpine_in_Iron_Blue_at_Renault_Manchester_02.jpg,MoCars,CC0
Renault,Clio,Rood metallic,ok,images/renault_clio_rood-metallic.jpg,"https://commons.wikimedia.org/wiki/File:DSC00877_Renault_Clio,_South_Tyrol_Red_Cross,_Provincial_Committee.jpg",Aciarium,CC BY 4.0
Renault,Clio,Groen metallic,ok,images/renault_clio_groen-metallic.jpg,"https://commons.wikimedia.org/wiki/File:2010_Renault_Clio_Dynamique_-_1461cc_1.5_dCi_(85PS)_Diesel_-_Apple_Green_-_26-05-2024,_Front_Left.jpg",DieselFordMondeo,CC BY-SA 4.0
Renault,Clio,Bruin metallic,ok,images/renault_clio_bruin-metallic.jpg,https://commons.wikimedia.org/wiki/File:Renault_Clio-IV_Brown.jpg,No machine-readable author provided. Luc106 assumed (based on copyright claims).,Public domain
Renault,Megane E-Tech,Zwart,herkleurd,images/renault_megane-e-tech_zwart_herkleurd.jpg,"https://commons.wikimedia.org/wiki/File:2022_Renault_Megane_E-Tech_Launch_Edition_-_60kWh_(220PS)_Electric_-_Shadow_Grey_-_05-2024,_Front.jpg",Harvey Bold,CC BY 4.0
Renault,Megane E-Tech,Wit,herkleurd,images/renault_megane-e-tech_wit_herkleurd.jpg,"https://commons.wikimedia.org/wiki/File:2022_Renault_Megane_E-Tech_Launch_Edition_-_60kWh_(220PS)_Electric_-_Shadow_Grey_-_05-2024,_Front.jpg",Harvey Bold,CC BY 4.0
Renault,Megane E-Tech,Grijs metallic,ok,images/renault_megane-e-tech_grijs-metallic.jpg,"https://commons.wikimedia.org/wiki/File:2022_Renault_Megane_E-Tech_Launch_Edition_-_60kWh_(220PS)_Electric_-_Shadow_Grey_-_05-2024,_Front.jpg",Harvey Bold,CC BY 4.0
Renault,Megane E-Tech,Zilver metallic,herkleurd,images/renault_megane-e-tech_zilver-metallic_herkleurd.jpg,"https://commons.wikimedia.org/wiki/File:2022_Renault_Megane_E-Tech_Launch_Edition_-_60kWh_(220PS)_Electric_-_Shadow_Grey_-_05-2024,_Front.jpg",Harvey Bold,CC BY 4.0
Renault,Megane E-Tech,Blauw metallic,missing,,,,
Renault,Megane E-Tech,Rood metallic,missing,,,,
Renault,Megane E-Tech,Groen metallic,missing,,,,
Renault,Megane E-Tech,Bruin metallic,missing,,,,
Renault,Scenic E-Tech,Wit,missing,,,,
Renault,Scenic E-Tech,Grijs metallic,missing,,,,
Renault,Scenic E-Tech,Zilver metallic,missing,,,,
Renault,Scenic E-Tech,Blauw metallic,missing,,,,
Renault,Scenic E-Tech,Rood metallic,missing,,,,
Renault,Scenic E-Tech,Groen metallic,missing,,,,
Renault,Scenic E-Tech,Bruin metallic,missing,,,,
Renault,Scenic E-Tech,Zwart,onbekende-kleur,images/renault_scenic-e-tech_zwart.jpg,https://commons.wikimedia.org/wiki/File:Renault_Sc%C3%A9nic_E-Tech_IAA_2023_1X7A0322.jpg,Alexander-93,CC BY-SA 4.0
SEAT,Arona,Wit,herkleurd,images/seat_arona_wit_herkleurd.jpg,https://commons.wikimedia.org/wiki/File:2021_Seat_Arona_FR_Red_Edition.jpg,Calreyn88,CC BY-SA 4.0
SEAT,Arona,Grijs metallic,herkleurd,images/seat_arona_grijs-metallic_herkleurd.jpg,https://commons.wikimedia.org/wiki/File:2021_Seat_Arona_FR_Red_Edition.jpg,Calreyn88,CC BY-SA 4.0
SEAT,Arona,Zilver metallic,herkleurd,images/seat_arona_zilver-metallic_herkleurd.jpg,https://commons.wikimedia.org/wiki/File:2021_Seat_Arona_FR_Red_Edition.jpg,Calreyn88,CC BY-SA 4.0
SEAT,Arona,Blauw metallic,herkleurd,images/seat_arona_blauw-metallic_herkleurd.jpg,https://commons.wikimedia.org/wiki/File:2021_Seat_Arona_FR_Red_Edition.jpg,Calreyn88,CC BY-SA 4.0
SEAT,Arona,Rood metallic,ok,images/seat_arona_rood-metallic.jpg,https://commons.wikimedia.org/wiki/File:2021_Seat_Arona_FR_Red_Edition.jpg,Calreyn88,CC BY-SA 4.0
SEAT,Arona,Groen metallic,herkleurd,images/seat_arona_groen-metallic_herkleurd.jpg,https://commons.wikimedia.org/wiki/File:2021_Seat_Arona_FR_Red_Edition.jpg,Calreyn88,CC BY-SA 4.0
SEAT,Arona,Bruin metallic,herkleurd,images/seat_arona_bruin-metallic_herkleurd.jpg,https://commons.wikimedia.org/wiki/File:2021_Seat_Arona_FR_Red_Edition.jpg,Calreyn88,CC BY-SA 4.0
SEAT,Arona,Zwart,herkleurd,images/seat_arona_zwart_herkleurd.jpg,https://commons.wikimedia.org/wiki/File:2021_Seat_Arona_FR_Red_Edition.jpg,Calreyn88,CC BY-SA 4.0
SEAT,Ibiza,Wit,ok,images/seat_ibiza_wit.jpg,"https://commons.wikimedia.org/wiki/File:2015_SEAT_Ibiza_in_White,_rear_left,_06-08-2025.jpg",Cutlass,CC0
SEAT,Ibiza,Grijs metallic,herkleurd,images/seat_ibiza_grijs-metallic_herkleurd.jpg,"https://commons.wikimedia.org/wiki/File:2015_SEAT_Ibiza_in_White,_rear_left,_06-08-2025.jpg",Cutlass,CC0
SEAT,Ibiza,Zilver metallic,ok,images/seat_ibiza_zilver-metallic.jpg,https://commons.wikimedia.org/wiki/File:Seat_Ibiza_FR_silver_vl_EMS.jpg,,CC BY-SA 3.0
SEAT,Ibiza,Blauw metallic,ok,images/seat_ibiza_blauw-metallic.jpg,"https://commons.wikimedia.org/wiki/File:2015_SEAT_Ibiza_Connect_TSI_-_1197cc_1.2_(90PS)_Petrol_-_Alor_Blue_-_04-2024,_Front.jpg",Harvey Bold,CC BY 4.0
SEAT,Ibiza,Rood metallic,ok,images/seat_ibiza_rood-metallic.jpg,https://commons.wikimedia.org/wiki/File:SEAT_Ibiza_Mk3_3-door_red.jpg,CodeChris,CC BY-SA 2.0
SEAT,Ibiza,Groen metallic,ok,images/seat_ibiza_groen-metallic.jpg,https://commons.wikimedia.org/wiki/File:SEAT_600_green.jpg,"https://www.flickr.com/photos/38035878@N07 Jose Luis Cernadas Iglesias# from Coruña, España",CC BY 2.0
SEAT,Ibiza,Bruin metallic,herkleurd,images/seat_ibiza_bruin-metallic_herkleurd.jpg,"https://commons.wikimedia.org/wiki/File:2015_SEAT_Ibiza_Connect_TSI_-_1197cc_1.2_(90PS)_Petrol_-_Alor_Blue_-_04-2024,_Front.jpg",Harvey Bold,CC BY 4.0
SEAT,Ibiza,Zwart,herkleurd,images/seat_ibiza_zwart_herkleurd.jpg,"https://commons.wikimedia.org/wiki/File:2015_SEAT_Ibiza_in_White,_rear_left,_06-08-2025.jpg",Cutlass,CC0
SEAT,Leon,Zwart,ok,images/seat_leon_zwart.jpg,https://commons.wikimedia.org/wiki/File:SEAT_Le%C3%B3n_Mk3_ST_1.4_TSI_FR_Midnight_Black_diplomatic.jpg,Ethan Llamas,CC BY-SA 4.0
SEAT,Leon,Wit,herkleurd,images/seat_leon_wit_herkleurd.jpg,"https://commons.wikimedia.org/wiki/File:Moscow,_SEAT_Leon_FR_Mk3_red,_Aug_2025_03.jpg",Retired electrician,CC0
SEAT,Leon,Grijs metallic,herkleurd,images/seat_leon_grijs-metallic_herkleurd.jpg,"https://commons.wikimedia.org/wiki/File:Moscow,_SEAT_Leon_FR_Mk3_red,_Aug_2025_03.jpg",Retired electrician,CC0
SEAT,Leon,Zilver metallic,herkleurd,images/seat_leon_zilver-metallic_herkleurd.jpg,"https://commons.wikimedia.org/wiki/File:Moscow,_SEAT_Leon_FR_Mk3_red,_Aug_2025_03.jpg",Retired electrician,CC0
SEAT,Leon,Blauw metallic,herkleurd,images/seat_leon_blauw-metallic_herkleurd.jpg,"https://commons.wikimedia.org/wiki/File:Moscow,_SEAT_Leon_FR_Mk3_red,_Aug_2025_03.jpg",Retired electrician,CC0
SEAT,Leon,Rood metallic,ok,images/seat_leon_rood-metallic.jpg,"https://commons.wikimedia.org/wiki/File:Moscow,_SEAT_Leon_FR_Mk3_red,_Aug_2025_03.jpg",Retired electrician,CC0
SEAT,Leon,Groen metallic,ok,images/seat_leon_groen-metallic.jpg,https://commons.wikimedia.org/wiki/File:Green_SEAT_Leon_2_race_car.jpg,"Alvaro Gandara Astray from Madrid, Spain",CC BY 2.0
SEAT,Leon,Bruin metallic,herkleurd,images/seat_leon_bruin-metallic_herkleurd.jpg,"https://commons.wikimedia.org/wiki/File:Moscow,_SEAT_Leon_FR_Mk3_red,_Aug_2025_03.jpg",Retired electrician,CC0
Tesla,Model 3,Zwart,ok,images/tesla_model-3_zwart.jpg,"https://commons.wikimedia.org/wiki/File:2025_Tesla_Model_3_Long_Range_in_Obsidian_Black_Metallic,_front_right.jpg",Ethan Llamas,CC BY-SA 4.0
Tesla,Model 3,Wit,ok,images/tesla_model-3_wit.jpg,https://commons.wikimedia.org/wiki/File:Tesla_Model_3_Highland_RWD_Pearl_White_Multi-Coat_02.jpg,Ethan Llamas,CC BY-SA 4.0
Tesla,Model 3,Grijs metallic,ok,images/tesla_model-3_grijs-metallic.jpg,https://commons.wikimedia.org/wiki/File:Tesla_Model_3_Highland_Standard_RWD_Stealth_Grey.jpg,Ethan Llamas,CC BY-SA 4.0
Tesla,Model 3,Zilver metallic,ok,images/tesla_model-3_zilver-metallic.jpg,https://commons.wikimedia.org/wiki/File:Tesla_Model_3_RWD_Facelift_Midnight_Silver_Metallic_-_rear.jpg,Ethan Llamas,CC BY-SA 4.0
Tesla,Model 3,Blauw metallic,ok,images/tesla_model-3_blauw-metallic.jpg,"https://commons.wikimedia.org/wiki/File:Blue_Tesla_Model_3_among_autumn_foilage,_New_Norfolk,_Tasmania,_April_2022_01.jpg",Chuq,CC BY-SA 4.0
Tesla,Model 3,Rood metallic,herkleurd,images/tesla_model-3_rood-metallic_herkleurd.jpg,"https://commons.wikimedia.org/wiki/File:Blue_Tesla_Model_3_among_autumn_foilage,_New_Norfolk,_Tasmania,_April_2022_01.jpg",Chuq,CC BY-SA 4.0
Tesla,Model 3,Groen metallic,herkleurd,images/tesla_model-3_groen-metallic_herkleurd.jpg,"https://commons.wikimedia.org/wiki/File:Blue_Tesla_Model_3_among_autumn_foilage,_New_Norfolk,_Tasmania,_April_2022_01.jpg",Chuq,CC BY-SA 4.0
Tesla,Model 3,Bruin metallic,herkleurd,images/tesla_model-3_bruin-metallic_herkleurd.jpg,"https://commons.wikimedia.org/wiki/File:Blue_Tesla_Model_3_among_autumn_foilage,_New_Norfolk,_Tasmania,_April_2022_01.jpg",Chuq,CC BY-SA 4.0
Tesla,Model S,Zwart,ok,images/tesla_model-s_zwart.jpg,https://commons.wikimedia.org/wiki/File:Black_Tesla_Model_S_on_N_Jones_Blvd.jpg,Noah Wulf,CC BY-SA 3.0
Tesla,Model S,Wit,ok,images/tesla_model-s_wit.jpg,https://commons.wikimedia.org/wiki/File:White_Tesla_Model_S_on_N_Jones_Blvd.jpg,Noah Wulf,CC BY-SA 4.0
Tesla,Model S,Grijs metallic,ok,images/tesla_model-s_grijs-metallic.jpg,https://commons.wikimedia.org/wiki/File:Grey_Tesla_Model_Y_without_rear_bumper_at_Tesla_Collision_Boston_June_2026.jpg,4300streetcar,CC BY 4.0
Tesla,Model S,Zilver metallic,herkleurd,images/tesla_model-s_zilver-metallic_herkleurd.jpg,https://commons.wikimedia.org/wiki/File:White_Tesla_Model_S_on_N_Jones_Blvd.jpg,Noah Wulf,CC BY-SA 4.0
Tesla,Model S,Blauw metallic,ok,images/tesla_model-s_blauw-metallic.jpg,https://commons.wikimedia.org/wiki/File:20180630_Tesla_Model_S_70D_midnight_blue_Tesla_Model_S_70D_2015_rear_right-2.jpg,Granada,CC BY-SA 4.0
Tesla,Model S,Rood metallic,herkleurd,images/tesla_model-s_rood-metallic_herkleurd.jpg,https://commons.wikimedia.org/wiki/File:20180630_Tesla_Model_S_70D_midnight_blue_Tesla_Model_S_70D_2015_rear_right-2.jpg,Granada,CC BY-SA 4.0
Tesla,Model S,Groen metallic,ok,images/tesla_model-s_groen-metallic.jpg,https://commons.wikimedia.org/wiki/File:Green_Tesla_Model_S_at_Muir_Woods.jpg,Robert Couse-Baker,CC BY 2.0
Tesla,Model S,Bruin metallic,herkleurd,images/tesla_model-s_bruin-metallic_herkleurd.jpg,https://commons.wikimedia.org/wiki/File:20180630_Tesla_Model_S_70D_midnight_blue_Tesla_Model_S_70D_2015_rear_right-2.jpg,Granada,CC BY-SA 4.0
Tesla,Model Y,Zwart,ok,images/tesla_model-y_zwart.jpg,https://commons.wikimedia.org/wiki/File:Tesla_Model_Y_L_Premium_Long_Range_AWD_Diamond_Black_01.jpg,Ethan Llamas,CC BY-SA 4.0
Tesla,Model Y,Wit,ok,images/tesla_model-y_wit.jpg,"https://commons.wikimedia.org/wiki/File:2024_Tesla_Model_Y_Long_Range_FWD_in_Pearl_White,_front_right.jpg",Ethan Llamas,CC BY-SA 4.0
Tesla,Model Y,Grijs metallic,ok,images/tesla_model-y_grijs-metallic.jpg,https://commons.wikimedia.org/wiki/File:Grey_Tesla_Model_Y_without_rear_bumper_at_Tesla_Collision_Boston_June_2026.jpg,4300streetcar,CC BY 4.0
Tesla,Model Y,Zilver metallic,ok,images/tesla_model-y_zilver-metallic.jpg,"https://commons.wikimedia.org/wiki/File:2025_Tesla_Model_Y_RWD_in_Midnight_Silver_Metallic,_front_right.jpg",Ethan Llamas,CC BY-SA 4.0
Tesla,Model Y,Blauw metallic,ok,images/tesla_model-y_blauw-metallic.jpg,https://commons.wikimedia.org/wiki/File:Blue_Tesla_Model_Y_without_rear_bumper_at_Tesla_Collision_Boston_June_2026.jpg,4300streetcar,CC BY 4.0
Tesla,Model Y,Rood metallic,ok,images/tesla_model-y_rood-metallic.jpg,"https://commons.wikimedia.org/wiki/File:2025_Tesla_Model_Y_Long_Range_AWD_in_Ultra_Red,_front_right.jpg",Ethan Llamas,CC BY-SA 4.0
Tesla,Model Y,Groen metallic,ok,images/tesla_model-y_groen-metallic.jpg,https://commons.wikimedia.org/wiki/File:Tesla_Model_Y_at_Grand_Green_Osaka.jpg,Aos.1905,CC BY-SA 4.0
Tesla,Model Y,Bruin metallic,herkleurd,images/tesla_model-y_bruin-metallic_herkleurd.jpg,https://commons.wikimedia.org/wiki/File:Blue_Tesla_Model_Y_without_rear_bumper_at_Tesla_Collision_Boston_June_2026.jpg,4300streetcar,CC BY 4.0
Toyota,Aygo X,Zwart,herkleurd,images/toyota_aygo-x_zwart_herkleurd.jpg,"https://commons.wikimedia.org/wiki/File:2024_Toyota_Aygo_X_Pure_VVTi_-_998cc_1.0_(72PS)_Petrol_-_Pure_White_-_07-2024,_Front.jpg",Harvey Bold,CC BY 4.0
Toyota,Aygo X,Wit,ok,images/toyota_aygo-x_wit.jpg,"https://commons.wikimedia.org/wiki/File:2024_Toyota_Aygo_X_Pure_VVTi_-_998cc_1.0_(72PS)_Petrol_-_Pure_White_-_07-2024,_Front.jpg",Harvey Bold,CC BY 4.0
Toyota,Aygo X,Grijs metallic,ok,images/toyota_aygo-x_grijs-metallic.jpg,"https://commons.wikimedia.org/wiki/File:2018_Toyota_Aygo_x_-_998cc_1.0_VVT-i_(69PS)_Petrol_-_Electro_Grey_-_23-03-2024,_Front_Right.jpg",DieselFordMondeo,CC BY-SA 4.0
Toyota,Aygo X,Zilver metallic,ok,images/toyota_aygo-x_zilver-metallic.jpg,"https://commons.wikimedia.org/wiki/File:2020_Toyota_Aygo_X-Play_VVT-i_-_998cc_1.0_(70PS)_Petrol_-_Silver_-_10-2024,_Front.jpg",Harvey Bold,CC0
Toyota,Aygo X,Blauw metallic,ok,images/toyota_aygo-x_blauw-metallic.jpg,"https://commons.wikimedia.org/wiki/File:2023_Toyota_Aygo_X_Edge_VVTi_-_998cc_1.0_(72PS)_Petrol_-_Juniper_Blue_-_02-2024,_Front.jpg",Harvey Bold,CC BY 4.0
Toyota,Aygo X,Rood metallic,herkleurd,images/toyota_aygo-x_rood-metallic_herkleurd.jpg,"https://commons.wikimedia.org/wiki/File:2023_Toyota_Aygo_X_Edge_VVTi_-_998cc_1.0_(72PS)_Petrol_-_Juniper_Blue_-_02-2024,_Front.jpg",Harvey Bold,CC BY 4.0
Toyota,Aygo X,Groen metallic,herkleurd,images/toyota_aygo-x_groen-metallic_herkleurd.jpg,"https://commons.wikimedia.org/wiki/File:2023_Toyota_Aygo_X_Edge_VVTi_-_998cc_1.0_(72PS)_Petrol_-_Juniper_Blue_-_02-2024,_Front.jpg",Harvey Bold,CC BY 4.0
Toyota,Aygo X,Bruin metallic,herkleurd,images/toyota_aygo-x_bruin-metallic_herkleurd.jpg,"https://commons.wikimedia.org/wiki/File:2023_Toyota_Aygo_X_Edge_VVTi_-_998cc_1.0_(72PS)_Petrol_-_Juniper_Blue_-_02-2024,_Front.jpg",Harvey Bold,CC BY 4.0
Toyota,C-HR,Wit,ok,images/toyota_c-hr_wit.jpg,"https://commons.wikimedia.org/wiki/File:2023_Toyota_C-HR_GR_Sport_-_1987cc_2.0_(197PS)_Petrol_Hybrid_-_Platinum_White_-_02-2024,_Front.jpg",Harvey Bold,CC BY 4.0
Toyota,C-HR,Grijs metallic,ok,images/toyota_c-hr_grijs-metallic.jpg,"https://commons.wikimedia.org/wiki/File:2022_Toyota_C-HR_LE_in_Magnetic_Grey_Metallic,_Front_Right,_04-03-2022.jpg",Elise240SX,CC BY-SA 4.0
Toyota,C-HR,Zilver metallic,ok,images/toyota_c-hr_zilver-metallic.jpg,"https://commons.wikimedia.org/wiki/File:Moscow,_Volgogradsky_17c1_(Talalikhina_Street),_Toyota_C-HR_silver,_June_2026_01.jpg",Retired electrician,CC0
Toyota,C-HR,Blauw metallic,herkleurd,images/toyota_c-hr_blauw-metallic_herkleurd.jpg,"https://commons.wikimedia.org/wiki/File:2021_Toyota_C-HR_XLE,_front_left.jpg",MercurySable99,CC BY-SA 4.0
Toyota,C-HR,Rood metallic,review,images/toyota_c-hr_rood-metallic.jpg,"https://commons.wikimedia.org/wiki/File:2021_Toyota_C-HR_XLE,_front_left.jpg",MercurySable99,CC BY-SA 4.0
Toyota,C-HR,Groen metallic,herkleurd,images/toyota_c-hr_groen-metallic_herkleurd.jpg,"https://commons.wikimedia.org/wiki/File:2021_Toyota_C-HR_XLE,_front_left.jpg",MercurySable99,CC BY-SA 4.0
Toyota,C-HR,Bruin metallic,herkleurd,images/toyota_c-hr_bruin-metallic_herkleurd.jpg,"https://commons.wikimedia.org/wiki/File:2021_Toyota_C-HR_XLE,_front_left.jpg",MercurySable99,CC BY-SA 4.0
Toyota,C-HR,Zwart,herkleurd,images/toyota_c-hr_zwart_herkleurd.jpg,"https://commons.wikimedia.org/wiki/File:2023_Toyota_C-HR_GR_Sport_-_1987cc_2.0_(197PS)_Petrol_Hybrid_-_Platinum_White_-_02-2024,_Front.jpg",Harvey Bold,CC BY 4.0
Toyota,Corolla,Zwart,ok,images/toyota_corolla_zwart.jpg,https://commons.wikimedia.org/wiki/File:Black_Toyota_Corolla_SR5.jpg,Jacob Frey 4A,CC BY 2.0
Toyota,Corolla,Wit,ok,images/toyota_corolla_wit.jpg,https://commons.wikimedia.org/wiki/File:Toyota_Corolla_Altis_ZWE211_1.8_Hybrid_Platinum_White_Pearl_Mica.jpg,Ethan Llamas,CC BY-SA 4.0
Toyota,Corolla,Grijs metallic,ok,images/toyota_corolla_grijs-metallic.jpg,https://commons.wikimedia.org/wiki/File:Toyota_Corolla_Altis_ZRE173_2.0_V_Gray_Metallic.jpg,Ethan Llamas,CC BY-SA 4.0
Toyota,Corolla,Zilver metallic,ok,images/toyota_corolla_zilver-metallic.jpg,https://commons.wikimedia.org/wiki/File:Toyota_Corolla_Altis_ZRE143_2.0_V_Medium_Silver_02.jpg,Ethan Llamas,CC BY-SA 4.0
Toyota,Corolla,Blauw metallic,ok,images/toyota_corolla_blauw-metallic.jpg,https://commons.wikimedia.org/wiki/File:Toyota_Corolla_Touring_HEV_G_2WD_(6AA-ZWE219W)_blue_metallic_color.jpg,掬茶,CC BY-SA 4.0
Toyota,Corolla,Rood metallic,ok,images/toyota_corolla_rood-metallic.jpg,https://commons.wikimedia.org/wiki/File:2023_Toyota_Corolla_Cross_as_the_Official_Vehicle_of_the_New_York_Red_Bulls.jpg,Oleg Yunakov,CC BY-SA 4.0
Toyota,Corolla,Groen metallic,ok,images/toyota_corolla_groen-metallic.jpg,https://commons.wikimedia.org/wiki/File:Toyota_Corolla_AE111_1.6_GLi_Dark_Emerald_Green_Pearl_02.jpg,Ethan Llamas,CC BY-SA 4.0
Toyota,Corolla,Bruin metallic,herkleurd,images/toyota_corolla_bruin-metallic_herkleurd.jpg,https://commons.wikimedia.org/wiki/File:Toyota_Corolla_Touring_HEV_G_2WD_(6AA-ZWE219W)_blue_metallic_color.jpg,掬茶,CC BY-SA 4.0
Toyota,RAV4,Zwart,ok,images/toyota_rav4_zwart.jpg,https://commons.wikimedia.org/wiki/File:Toyota_RAV4_2.5_4WD_Limited_XA30_FL_Black_(13).jpg,Damian B Oh,CC BY-SA 4.0
Toyota,RAV4,Wit,ok,images/toyota_rav4_wit.jpg,https://commons.wikimedia.org/wiki/File:Toyota_RAV4_XA50_hybrid_white.jpg,4300streetcar,CC BY 4.0
Toyota,RAV4,Grijs metallic,ok,images/toyota_rav4_grijs-metallic.jpg,"https://commons.wikimedia.org/wiki/File:2023_Toyota_RAV4_Design_PHEV_-_2487cc_2.5_(306PS)_Petrol_Hybrid_-_Decuma_Grey_-_02-2024,_Front.jpg",Harvey Bold,CC BY 4.0
Toyota,RAV4,Zilver metallic,ok,images/toyota_rav4_zilver-metallic.jpg,"https://commons.wikimedia.org/wiki/File:2019_Toyota_Rav4_XLE_Premium_Package_AWD_in_Silver_Sky_Metallic,_rear_left,_2024-11-01.jpg",Elise240SX,CC BY-SA 4.0
Toyota,RAV4,Blauw metallic,ok,images/toyota_rav4_blauw-metallic.jpg,"https://commons.wikimedia.org/wiki/File:2005_Toyota_Rav4_4-Door_4WD_Plus_Package_in_Spectra_Blue_Mica,_rear_right,_2025-05-01.jpg",Elise240SX,CC BY-SA 4.0
Toyota,RAV4,Rood metallic,ok,images/toyota_rav4_rood-metallic.jpg,https://commons.wikimedia.org/wiki/File:Toyota_RAV4_SXA11_FL_2.0L_Radiant_Red_on_Quicksilver_FX_02.jpg,Ethan Llamas,CC BY-SA 4.0
Toyota,RAV4,Groen metallic,herkleurd,images/toyota_rav4_groen-metallic_herkleurd.jpg,"https://commons.wikimedia.org/wiki/File:2005_Toyota_Rav4_4-Door_4WD_Plus_Package_in_Spectra_Blue_Mica,_rear_right,_2025-05-01.jpg",Elise240SX,CC BY-SA 4.0
Toyota,RAV4,Bruin metallic,herkleurd,images/toyota_rav4_bruin-metallic_herkleurd.jpg,"https://commons.wikimedia.org/wiki/File:2005_Toyota_Rav4_4-Door_4WD_Plus_Package_in_Spectra_Blue_Mica,_rear_right,_2025-05-01.jpg",Elise240SX,CC BY-SA 4.0
Toyota,Yaris,Zwart,ok,images/toyota_yaris_zwart.jpg,https://commons.wikimedia.org/wiki/File:Toyota_GR_Yaris_GXPA16_FL_1.6L_GR-Four_Precious_Black_01.jpg,Ethan Llamas,CC BY-SA 4.0
Toyota,Yaris,Wit,ok,images/toyota_yaris_wit.jpg,https://commons.wikimedia.org/wiki/File:Toyota_Yaris_NCP150_1.5_G_Freedom_White_02.jpg,Ethan Llamas,CC BY-SA 4.0
Toyota,Yaris,Grijs metallic,ok,images/toyota_yaris_grijs-metallic.jpg,"https://commons.wikimedia.org/wiki/File:2015_Toyota_Yaris_CE_3-Door_Hatchback_in_Magnetic_Grey_Metallic,_front_right,_2025-09-07.jpg",Elise240SX,CC BY-SA 4.0
Toyota,Yaris,Zilver metallic,ok,images/toyota_yaris_zilver-metallic.jpg,https://commons.wikimedia.org/wiki/File:Toyota_Yaris_XP210_Silver_Metallic_(1).jpg,Damian B Oh,CC BY-SA 4.0
Toyota,Yaris,Blauw metallic,ok,images/toyota_yaris_blauw-metallic.jpg,https://commons.wikimedia.org/wiki/File:Toyota_Yaris_NCP91_1.5L_Light_Blue_Mica_Metallic.jpg,Ethan Llamas,CC BY-SA 4.0
Toyota,Yaris,Rood metallic,ok,images/toyota_yaris_rood-metallic.jpg,https://commons.wikimedia.org/wiki/File:Toyota_Yaris_NCP91_FL2_1.5L_Cosmo_Red_01.jpg,Ethan Llamas,CC BY-SA 4.0
Toyota,Yaris,Groen metallic,ok,images/toyota_yaris_groen-metallic.jpg,https://commons.wikimedia.org/wiki/File:Green_Yaris.jpg,AnDr0 Gr0zNy,CC BY 4.0
Toyota,Yaris,Bruin metallic,herkleurd,images/toyota_yaris_bruin-metallic_herkleurd.jpg,https://commons.wikimedia.org/wiki/File:Toyota_Yaris_NCP91_1.5L_Light_Blue_Mica_Metallic.jpg,Ethan Llamas,CC BY-SA 4.0
Toyota,bZ4X,Zwart,ok,images/toyota_bz4x_zwart.jpg,https://commons.wikimedia.org/wiki/File:Toyota_bZ4X_YEAM15_X-MODE_Pro_AWD_Attitude_Black_Mica.jpg,Ethan Llamas,CC BY-SA 4.0
Toyota,bZ4X,Wit,ok,images/toyota_bz4x_wit.jpg,https://commons.wikimedia.org/wiki/File:2024_Toyota_bZ4X_-_white.jpg,Ssu,CC BY-SA 4.0
Toyota,bZ4X,Grijs metallic,herkleurd,images/toyota_bz4x_grijs-metallic_herkleurd.jpg,https://commons.wikimedia.org/wiki/File:2024_Toyota_bZ4X_-_white.jpg,Ssu,CC BY-SA 4.0
Toyota,bZ4X,Zilver metallic,herkleurd,images/toyota_bz4x_zilver-metallic_herkleurd.jpg,https://commons.wikimedia.org/wiki/File:2024_Toyota_bZ4X_-_white.jpg,Ssu,CC BY-SA 4.0
Toyota,bZ4X,Blauw metallic,ok,images/toyota_bz4x_blauw-metallic.jpg,"https://commons.wikimedia.org/wiki/File:2022_Toyota_bZ4X_Motion_EV_-_71kWh_(203PS)_Electric_-_Dark_Blue_-_12-2023,_Front.jpg",Harvey Bold,CC BY 4.0
Toyota,bZ4X,Rood metallic,herkleurd,images/toyota_bz4x_rood-metallic_herkleurd.jpg,"https://commons.wikimedia.org/wiki/File:2022_Toyota_bZ4X_Motion_EV_-_71kWh_(203PS)_Electric_-_Dark_Blue_-_12-2023,_Front.jpg",Harvey Bold,CC BY 4.0
Toyota,bZ4X,Groen metallic,herkleurd,images/toyota_bz4x_groen-metallic_herkleurd.jpg,"https://commons.wikimedia.org/wiki/File:2022_Toyota_bZ4X_Motion_EV_-_71kWh_(203PS)_Electric_-_Dark_Blue_-_12-2023,_Front.jpg",Harvey Bold,CC BY 4.0
Toyota,bZ4X,Bruin metallic,herkleurd,images/toyota_bz4x_bruin-metallic_herkleurd.jpg,"https://commons.wikimedia.org/wiki/File:2022_Toyota_bZ4X_Motion_EV_-_71kWh_(203PS)_Electric_-_Dark_Blue_-_12-2023,_Front.jpg",Harvey Bold,CC BY 4.0
Volkswagen,Arteon Shooting Brake,Zwart,herkleurd,images/volkswagen_arteon-shooting-brake_zwart_herkleurd.jpg,"https://commons.wikimedia.org/wiki/File:2022_Volkswagen_Arteon_Shooting_Brake_R-Line_TSI_-_1984cc_2.0_(190PS)_Petrol_-_Kings_Red_-_03-2024,_Front.jpg",Harvey Bold,CC BY 4.0
Volkswagen,Arteon Shooting Brake,Wit,herkleurd,images/volkswagen_arteon-shooting-brake_wit_herkleurd.jpg,"https://commons.wikimedia.org/wiki/File:2022_Volkswagen_Arteon_Shooting_Brake_R-Line_TSI_-_1984cc_2.0_(190PS)_Petrol_-_Kings_Red_-_03-2024,_Front.jpg",Harvey Bold,CC BY 4.0
Volkswagen,Arteon Shooting Brake,Grijs metallic,herkleurd,images/volkswagen_arteon-shooting-brake_grijs-metallic_herkleurd.jpg,"https://commons.wikimedia.org/wiki/File:2022_Volkswagen_Arteon_Shooting_Brake_R-Line_TSI_-_1984cc_2.0_(190PS)_Petrol_-_Kings_Red_-_03-2024,_Front.jpg",Harvey Bold,CC BY 4.0
Volkswagen,Arteon Shooting Brake,Zilver metallic,herkleurd,images/volkswagen_arteon-shooting-brake_zilver-metallic_herkleurd.jpg,"https://commons.wikimedia.org/wiki/File:2022_Volkswagen_Arteon_Shooting_Brake_R-Line_TSI_-_1984cc_2.0_(190PS)_Petrol_-_Kings_Red_-_03-2024,_Front.jpg",Harvey Bold,CC BY 4.0
Volkswagen,Arteon Shooting Brake,Blauw metallic,herkleurd,images/volkswagen_arteon-shooting-brake_blauw-metallic_herkleurd.jpg,"https://commons.wikimedia.org/wiki/File:2022_Volkswagen_Arteon_Shooting_Brake_R-Line_TSI_-_1984cc_2.0_(190PS)_Petrol_-_Kings_Red_-_03-2024,_Front.jpg",Harvey Bold,CC BY 4.0
Volkswagen,Arteon Shooting Brake,Rood metallic,ok,images/volkswagen_arteon-shooting-brake_rood-metallic.jpg,"https://commons.wikimedia.org/wiki/File:2022_Volkswagen_Arteon_Shooting_Brake_R-Line_TSI_-_1984cc_2.0_(190PS)_Petrol_-_Kings_Red_-_03-2024,_Front.jpg",Harvey Bold,CC BY 4.0
Volkswagen,Arteon Shooting Brake,Groen metallic,herkleurd,images/volkswagen_arteon-shooting-brake_groen-metallic_herkleurd.jpg,"https://commons.wikimedia.org/wiki/File:2022_Volkswagen_Arteon_Shooting_Brake_R-Line_TSI_-_1984cc_2.0_(190PS)_Petrol_-_Kings_Red_-_03-2024,_Front.jpg",Harvey Bold,CC BY 4.0
Volkswagen,Arteon Shooting Brake,Bruin metallic,herkleurd,images/volkswagen_arteon-shooting-brake_bruin-metallic_herkleurd.jpg,"https://commons.wikimedia.org/wiki/File:2022_Volkswagen_Arteon_Shooting_Brake_R-Line_TSI_-_1984cc_2.0_(190PS)_Petrol_-_Kings_Red_-_03-2024,_Front.jpg",Harvey Bold,CC BY 4.0
Volkswagen,Golf,Zwart,ok,images/volkswagen_golf_zwart.jpg,https://commons.wikimedia.org/wiki/File:Volkswagen_Golf_GTI_Mk7_Deep_Black_Pearl_(4).jpg,Damian B Oh,CC BY-SA 4.0
Volkswagen,Golf,Wit,ok,images/volkswagen_golf_wit.jpg,https://commons.wikimedia.org/wiki/File:Volkswagen_Golf_Mk7_GTS_2.0_TDI_Business_Edition_Pure_White_02.jpg,Ethan Llamas,CC BY-SA 4.0
Volkswagen,Golf,Grijs metallic,ok,images/volkswagen_golf_grijs-metallic.jpg,"https://commons.wikimedia.org/wiki/File:2024_Volkswagen_Golf_R-Line_TSI_-_1498cc_1.5_(150PS)_Petrol_-_Grey_-_03-2025,_Front.jpg",Harvey Bold,CC0
Volkswagen,Golf,Zilver metallic,ok,images/volkswagen_golf_zilver-metallic.jpg,"https://commons.wikimedia.org/wiki/File:2003_Volkswagen_Golf_Match_-_1390cc_1.4_(75PS)_Petrol_-_Reflex_Silver_-_02-2025,_Rear.jpg",Harvey Bold,CC0
Volkswagen,Golf,Blauw metallic,ok,images/volkswagen_golf_blauw-metallic.jpg,https://commons.wikimedia.org/wiki/File:Volkswagen_Golf_2.0_TDI_Bluemotion_Mk7_Night_Blue_Metallic_(4).jpg,Damian B Oh,CC BY-SA 4.0
Volkswagen,Golf,Rood metallic,ok,images/volkswagen_golf_rood-metallic.jpg,"https://commons.wikimedia.org/wiki/File:DSC00913_Volkswagen_Golf,_South_Tyrol_Red_Cross,_Provincial_Committee.jpg",Aciarium,CC BY 4.0
Volkswagen,Golf,Groen metallic,ok,images/volkswagen_golf_groen-metallic.jpg,"https://commons.wikimedia.org/wiki/File:2018_Volkswagen_Golf_Alltrack_4Motion_in_Great_Falls_Green_Met.,_front_right.jpg",Mr.choppers,CC BY-SA 3.0
Volkswagen,Golf,Bruin metallic,herkleurd,images/volkswagen_golf_bruin-metallic_herkleurd.jpg,https://commons.wikimedia.org/wiki/File:Volkswagen_Golf_2.0_TDI_Bluemotion_Mk7_Night_Blue_Metallic_(4).jpg,Damian B Oh,CC BY-SA 4.0
Volkswagen,ID.3,Zwart,herkleurd,images/volkswagen_id-3_zwart_herkleurd.jpg,https://commons.wikimedia.org/wiki/File:Volkswagen_ID.3_2.jpg,Carstenhag,CC BY 4.0
Volkswagen,ID.3,Wit,review,images/volkswagen_id-3_wit.jpg,https://commons.wikimedia.org/wiki/File:Volkswagen_ID.3_2.jpg,Carstenhag,CC BY 4.0
Volkswagen,ID.3,Grijs metallic,herkleurd,images/volkswagen_id-3_grijs-metallic_herkleurd.jpg,https://commons.wikimedia.org/wiki/File:Volkswagen_ID.3_2.jpg,Carstenhag,CC BY 4.0
Volkswagen,ID.3,Zilver metallic,herkleurd,images/volkswagen_id-3_zilver-metallic_herkleurd.jpg,https://commons.wikimedia.org/wiki/File:Volkswagen_ID.3_2.jpg,Carstenhag,CC BY 4.0
Volkswagen,ID.3,Blauw metallic,missing,,,,
Volkswagen,ID.3,Rood metallic,missing,,,,
Volkswagen,ID.3,Groen metallic,missing,,,,
Volkswagen,ID.3,Bruin metallic,missing,,,,
Volkswagen,ID.4,Zwart,ok,images/volkswagen_id-4_zwart.jpg,https://commons.wikimedia.org/wiki/File:Volkswagen_ID.4_-_black.jpg,Ssu,CC BY-SA 4.0
Volkswagen,ID.4,Wit,ok,images/volkswagen_id-4_wit.jpg,https://commons.wikimedia.org/wiki/File:Volkswagen_ID.4_Pro_Glacier_White_Metallic_01.jpg,Ethan Llamas,CC BY-SA 4.0
Volkswagen,ID.4,Grijs metallic,ok,images/volkswagen_id-4_grijs-metallic.jpg,https://commons.wikimedia.org/wiki/File:Volkswagen_ID.4_Pro_Manganese_Grey_Metallic_(2).jpg,Damian B Oh,CC BY-SA 4.0
Volkswagen,ID.4,Zilver metallic,herkleurd,images/volkswagen_id-4_zilver-metallic_herkleurd.jpg,https://commons.wikimedia.org/wiki/File:Volkswagen_ID.4_Pro_Glacier_White_Metallic_01.jpg,Ethan Llamas,CC BY-SA 4.0
Volkswagen,ID.4,Blauw metallic,missing,,,,
Volkswagen,ID.4,Rood metallic,missing,,,,
Volkswagen,ID.4,Groen metallic,missing,,,,
Volkswagen,ID.4,Bruin metallic,missing,,,,
Volkswagen,ID.5,Wit,missing,,,,
Volkswagen,ID.5,Grijs metallic,missing,,,,
Volkswagen,ID.5,Zilver metallic,missing,,,,
Volkswagen,ID.5,Blauw metallic,missing,,,,
Volkswagen,ID.5,Rood metallic,missing,,,,
Volkswagen,ID.5,Groen metallic,missing,,,,
Volkswagen,ID.5,Bruin metallic,missing,,,,
Volkswagen,ID.5,Zwart,onbekende-kleur,images/volkswagen_id-5_zwart.jpg,https://commons.wikimedia.org/wiki/File:Volkswagen_ID.5_Leonberg_2022_1X7A0459.jpg,Alexander Migl,CC BY-SA 4.0
Volkswagen,Multivan,Wit,herkleurd,images/volkswagen_multivan_wit_herkleurd.jpg,https://commons.wikimedia.org/wiki/File:Volkswagen_multivan_1990.jpg,User Paulbx on en.wikipedia,CC BY-SA 2.5
Volkswagen,Multivan,Grijs metallic,herkleurd,images/volkswagen_multivan_grijs-metallic_herkleurd.jpg,https://commons.wikimedia.org/wiki/File:Volkswagen_multivan_1990.jpg,User Paulbx on en.wikipedia,CC BY-SA 2.5
Volkswagen,Multivan,Zilver metallic,herkleurd,images/volkswagen_multivan_zilver-metallic_herkleurd.jpg,https://commons.wikimedia.org/wiki/File:Volkswagen_multivan_1990.jpg,User Paulbx on en.wikipedia,CC BY-SA 2.5
Volkswagen,Multivan,Blauw metallic,herkleurd,images/volkswagen_multivan_blauw-metallic_herkleurd.jpg,https://commons.wikimedia.org/wiki/File:Volkswagen_multivan_1990.jpg,User Paulbx on en.wikipedia,CC BY-SA 2.5
Volkswagen,Multivan,Rood metallic,review,images/volkswagen_multivan_rood-metallic.jpg,https://commons.wikimedia.org/wiki/File:Volkswagen_multivan_1990.jpg,User Paulbx on en.wikipedia,CC BY-SA 2.5
Volkswagen,Multivan,Groen metallic,herkleurd,images/volkswagen_multivan_groen-metallic_herkleurd.jpg,https://commons.wikimedia.org/wiki/File:Volkswagen_multivan_1990.jpg,User Paulbx on en.wikipedia,CC BY-SA 2.5
Volkswagen,Multivan,Bruin metallic,herkleurd,images/volkswagen_multivan_bruin-metallic_herkleurd.jpg,https://commons.wikimedia.org/wiki/File:Volkswagen_multivan_1990.jpg,User Paulbx on en.wikipedia,CC BY-SA 2.5
Volkswagen,Multivan,Zwart,herkleurd,images/volkswagen_multivan_zwart_herkleurd.jpg,https://commons.wikimedia.org/wiki/File:Volkswagen_multivan_1990.jpg,User Paulbx on en.wikipedia,CC BY-SA 2.5
Volkswagen,Passat Variant,Wit,missing,,,,
Volkswagen,Passat Variant,Grijs metallic,missing,,,,
Volkswagen,Passat Variant,Zilver metallic,missing,,,,
Volkswagen,Passat Variant,Blauw metallic,missing,,,,
Volkswagen,Passat Variant,Rood metallic,missing,,,,
Volkswagen,Passat Variant,Groen metallic,missing,,,,
Volkswagen,Passat Variant,Bruin metallic,missing,,,,
Volkswagen,Passat Variant,Zwart,onbekende-kleur,images/volkswagen_passat-variant_zwart.jpg,https://commons.wikimedia.org/wiki/File:VOLKSWAGEN_PASSAT_VARIANT_B6_China_(4).jpg,Dinkun Chen,CC BY-SA 4.0
Volkswagen,Polo,Wit,herkleurd,images/volkswagen_polo_wit_herkleurd.jpg,https://commons.wikimedia.org/wiki/File:2021_Volkswagen_Polo_1.6_MPi_sport_rims_grey_front_view_in_Brunei.jpg,AIMHO'S REBELLION 8490s,CC BY-SA 4.0
Volkswagen,Polo,Grijs metallic,ok,images/volkswagen_polo_grijs-metallic.jpg,https://commons.wikimedia.org/wiki/File:2021_Volkswagen_Polo_1.6_MPi_sport_rims_grey_front_view_in_Brunei.jpg,AIMHO'S REBELLION 8490s,CC BY-SA 4.0
Volkswagen,Polo,Zilver metallic,ok,images/volkswagen_polo_zilver-metallic.jpg,"https://commons.wikimedia.org/wiki/File:Moscow,_Volkswagen_Polo_silver,_May_2026_01.jpg",Retired electrician,CC0
Volkswagen,Polo,Blauw metallic,ok,images/volkswagen_polo_blauw-metallic.jpg,"https://commons.wikimedia.org/wiki/File:2004_Volkswagen_Polo_Twist_-_1198cc_64PS_Petrol_-_Indigo_Blue_Pearl_Effect_-_26-04-23,_Front_Left.jpg",DieselFordMondeo,CC BY-SA 4.0
Volkswagen,Polo,Rood metallic,ok,images/volkswagen_polo_rood-metallic.jpg,"https://commons.wikimedia.org/wiki/File:1992_Volkswagen_Polo_CL_-_1043cc_1.0_(45PS)_Petrol_-_Tornado_Red_-_05-2024,_Front.jpg",Harvey Bold,CC BY 4.0
Volkswagen,Polo,Groen metallic,herkleurd,images/volkswagen_polo_groen-metallic_herkleurd.jpg,"https://commons.wikimedia.org/wiki/File:2004_Volkswagen_Polo_Twist_-_1198cc_64PS_Petrol_-_Indigo_Blue_Pearl_Effect_-_26-04-23,_Front_Left.jpg",DieselFordMondeo,CC BY-SA 4.0
Volkswagen,Polo,Bruin metallic,ok,images/volkswagen_polo_bruin-metallic.jpg,https://commons.wikimedia.org/wiki/File:2021_Volkswagen_Polo_Mk5_brown_front_view_in_Brunei.jpg,AIMHO'S REBELLION 8490s,CC BY-SA 4.0
Volkswagen,Polo,Zwart,herkleurd,images/volkswagen_polo_zwart_herkleurd.jpg,https://commons.wikimedia.org/wiki/File:2021_Volkswagen_Polo_1.6_MPi_sport_rims_grey_front_view_in_Brunei.jpg,AIMHO'S REBELLION 8490s,CC BY-SA 4.0
Volkswagen,T-Roc,Wit,herkleurd,images/volkswagen_t-roc_wit_herkleurd.jpg,"https://commons.wikimedia.org/wiki/File:2021_Volkswagen_T-Roc_Design_TSI_-_999cc_1.0_(110PS)_Petrol_-_Ravenna_Blue_-_03-2024,_Rear.jpg",Harvey Bold,CC BY 4.0
Volkswagen,T-Roc,Grijs metallic,herkleurd,images/volkswagen_t-roc_grijs-metallic_herkleurd.jpg,"https://commons.wikimedia.org/wiki/File:2021_Volkswagen_T-Roc_Design_TSI_-_999cc_1.0_(110PS)_Petrol_-_Ravenna_Blue_-_03-2024,_Rear.jpg",Harvey Bold,CC BY 4.0
Volkswagen,T-Roc,Zilver metallic,herkleurd,images/volkswagen_t-roc_zilver-metallic_herkleurd.jpg,"https://commons.wikimedia.org/wiki/File:2021_Volkswagen_T-Roc_Design_TSI_-_999cc_1.0_(110PS)_Petrol_-_Ravenna_Blue_-_03-2024,_Rear.jpg",Harvey Bold,CC BY 4.0
Volkswagen,T-Roc,Blauw metallic,ok,images/volkswagen_t-roc_blauw-metallic.jpg,"https://commons.wikimedia.org/wiki/File:2021_Volkswagen_T-Roc_Design_TSI_-_999cc_1.0_(110PS)_Petrol_-_Ravenna_Blue_-_03-2024,_Rear.jpg",Harvey Bold,CC BY 4.0
Volkswagen,T-Roc,Rood metallic,ok,images/volkswagen_t-roc_rood-metallic.jpg,"https://commons.wikimedia.org/wiki/File:2024_Volkswagen_T-Roc_R-Line_TSI_-_1498cc_1.5_(150PS)_Petrol_-_Kings_Red_-_03-2024,_Front.jpg",Harvey Bold,CC BY 4.0
Volkswagen,T-Roc,Groen metallic,herkleurd,images/volkswagen_t-roc_groen-metallic_herkleurd.jpg,"https://commons.wikimedia.org/wiki/File:2021_Volkswagen_T-Roc_Design_TSI_-_999cc_1.0_(110PS)_Petrol_-_Ravenna_Blue_-_03-2024,_Rear.jpg",Harvey Bold,CC BY 4.0
Volkswagen,T-Roc,Bruin metallic,herkleurd,images/volkswagen_t-roc_bruin-metallic_herkleurd.jpg,"https://commons.wikimedia.org/wiki/File:2021_Volkswagen_T-Roc_Design_TSI_-_999cc_1.0_(110PS)_Petrol_-_Ravenna_Blue_-_03-2024,_Rear.jpg",Harvey Bold,CC BY 4.0
Volkswagen,T-Roc,Zwart,herkleurd,images/volkswagen_t-roc_zwart_herkleurd.jpg,"https://commons.wikimedia.org/wiki/File:2021_Volkswagen_T-Roc_Design_TSI_-_999cc_1.0_(110PS)_Petrol_-_Ravenna_Blue_-_03-2024,_Rear.jpg",Harvey Bold,CC BY 4.0
Volkswagen,Taigo,Zwart,herkleurd,images/volkswagen_taigo_zwart_herkleurd.jpg,"https://commons.wikimedia.org/wiki/File:2023_Volkswagen_Taigo_Life_TSI_-_999cc_1.0_(110PS)_Petrol_-_Ascot_Grey_-_05-2024,_Front.jpg",Harvey Bold,CC BY 4.0
Volkswagen,Taigo,Wit,herkleurd,images/volkswagen_taigo_wit_herkleurd.jpg,"https://commons.wikimedia.org/wiki/File:2023_Volkswagen_Taigo_Life_TSI_-_999cc_1.0_(110PS)_Petrol_-_Ascot_Grey_-_05-2024,_Front.jpg",Harvey Bold,CC BY 4.0
Volkswagen,Taigo,Grijs metallic,ok,images/volkswagen_taigo_grijs-metallic.jpg,"https://commons.wikimedia.org/wiki/File:2023_Volkswagen_Taigo_Life_TSI_-_999cc_1.0_(110PS)_Petrol_-_Ascot_Grey_-_05-2024,_Front.jpg",Harvey Bold,CC BY 4.0
Volkswagen,Taigo,Zilver metallic,herkleurd,images/volkswagen_taigo_zilver-metallic_herkleurd.jpg,"https://commons.wikimedia.org/wiki/File:2023_Volkswagen_Taigo_Life_TSI_-_999cc_1.0_(110PS)_Petrol_-_Ascot_Grey_-_05-2024,_Front.jpg",Harvey Bold,CC BY 4.0
Volkswagen,Taigo,Blauw metallic,missing,,,,
Volkswagen,Taigo,Rood metallic,missing,,,,
Volkswagen,Taigo,Groen metallic,missing,,,,
Volkswagen,Taigo,Bruin metallic,missing,,,,
Volkswagen,Tiguan,Wit,ok,images/volkswagen_tiguan_wit.jpg,"https://commons.wikimedia.org/wiki/File:Moscow,_Volkswagen_Tiguan_L_Pro_(China)_white_Apr_2026_04.jpg",Retired electrician,CC0
Volkswagen,Tiguan,Grijs metallic,ok,images/volkswagen_tiguan_grijs-metallic.jpg,"https://commons.wikimedia.org/wiki/File:2025_Volkswagen_Tiguan_Comfortline_4MOTION_in_Ascot_Grey,_front_right,_2025-05-18.jpg",Elise240SX,CC BY-SA 4.0
Volkswagen,Tiguan,Zilver metallic,herkleurd,images/volkswagen_tiguan_zilver-metallic_herkleurd.jpg,"https://commons.wikimedia.org/wiki/File:Moscow,_Volkswagen_Tiguan_L_Pro_(China)_white_Apr_2026_04.jpg",Retired electrician,CC0
Volkswagen,Tiguan,Blauw metallic,ok,images/volkswagen_tiguan_blauw-metallic.jpg,https://commons.wikimedia.org/wiki/File:Volkswagen_Tiguan_2.0_TDI_4Motion_Prestige_AD_Atlas_Blue.jpg,Damian B Oh,CC BY-SA 4.0
Volkswagen,Tiguan,Rood metallic,ok,images/volkswagen_tiguan_rood-metallic.jpg,https://commons.wikimedia.org/wiki/File:Volkswagen_Tiguan_II_1.4_TSI_Comfortline_Ruby_Red_02.jpg,Ethan Llamas,CC BY-SA 4.0
Volkswagen,Tiguan,Groen metallic,herkleurd,images/volkswagen_tiguan_groen-metallic_herkleurd.jpg,https://commons.wikimedia.org/wiki/File:Volkswagen_Tiguan_2.0_TDI_4Motion_Prestige_AD_Atlas_Blue.jpg,Damian B Oh,CC BY-SA 4.0
Volkswagen,Tiguan,Bruin metallic,herkleurd,images/volkswagen_tiguan_bruin-metallic_herkleurd.jpg,https://commons.wikimedia.org/wiki/File:Volkswagen_Tiguan_2.0_TDI_4Motion_Prestige_AD_Atlas_Blue.jpg,Damian B Oh,CC BY-SA 4.0
Volkswagen,Tiguan,Zwart,herkleurd,images/volkswagen_tiguan_zwart_herkleurd.jpg,"https://commons.wikimedia.org/wiki/File:Moscow,_Volkswagen_Tiguan_L_Pro_(China)_white_Apr_2026_04.jpg",Retired electrician,CC0
Volkswagen,Touran,Wit,herkleurd,images/volkswagen_touran_wit_herkleurd.jpg,"https://commons.wikimedia.org/wiki/File:2011_Volkswagen_Touran_in_Night_Blue,_front_right,_06-08-2025.jpg",Cutlass,CC0
Volkswagen,Touran,Grijs metallic,herkleurd,images/volkswagen_touran_grijs-metallic_herkleurd.jpg,"https://commons.wikimedia.org/wiki/File:2011_Volkswagen_Touran_in_Night_Blue,_front_right,_06-08-2025.jpg",Cutlass,CC0
Volkswagen,Touran,Zilver metallic,herkleurd,images/volkswagen_touran_zilver-metallic_herkleurd.jpg,"https://commons.wikimedia.org/wiki/File:2011_Volkswagen_Touran_in_Night_Blue,_front_right,_06-08-2025.jpg",Cutlass,CC0
Volkswagen,Touran,Blauw metallic,ok,images/volkswagen_touran_blauw-metallic.jpg,"https://commons.wikimedia.org/wiki/File:2011_Volkswagen_Touran_in_Night_Blue,_front_right,_06-08-2025.jpg",Cutlass,CC0
Volkswagen,Touran,Rood metallic,herkleurd,images/volkswagen_touran_rood-metallic_herkleurd.jpg,"https://commons.wikimedia.org/wiki/File:2011_Volkswagen_Touran_in_Night_Blue,_front_right,_06-08-2025.jpg",Cutlass,CC0
Volkswagen,Touran,Groen metallic,herkleurd,images/volkswagen_touran_groen-metallic_herkleurd.jpg,"https://commons.wikimedia.org/wiki/File:2011_Volkswagen_Touran_in_Night_Blue,_front_right,_06-08-2025.jpg",Cutlass,CC0
Volkswagen,Touran,Bruin metallic,herkleurd,images/volkswagen_touran_bruin-metallic_herkleurd.jpg,"https://commons.wikimedia.org/wiki/File:2011_Volkswagen_Touran_in_Night_Blue,_front_right,_06-08-2025.jpg",Cutlass,CC0
Volkswagen,Touran,Zwart,herkleurd,images/volkswagen_touran_zwart_herkleurd.jpg,"https://commons.wikimedia.org/wiki/File:2011_Volkswagen_Touran_in_Night_Blue,_front_right,_06-08-2025.jpg",Cutlass,CC0
Volkswagen,up!,Zwart,ok,images/volkswagen_up_zwart.jpg,https://commons.wikimedia.org/wiki/File:Volkswagen_up!_Black_(side).jpg,Overlaet,CC BY-SA 3.0
Volkswagen,up!,Wit,ok,images/volkswagen_up_wit.jpg,https://commons.wikimedia.org/wiki/File:Volkswagen_up!_white.jpg,Mateusmatsuda,CC BY 4.0
Volkswagen,up!,Grijs metallic,herkleurd,images/volkswagen_up_grijs-metallic_herkleurd.jpg,https://commons.wikimedia.org/wiki/File:Volkswagen_up!_white.jpg,Mateusmatsuda,CC BY 4.0
Volkswagen,up!,Zilver metallic,ok,images/volkswagen_up_zilver-metallic.jpg,"https://commons.wikimedia.org/wiki/File:2014_Volkswagen_up!_in_Reflex_Silver_Metallic,_front_left,_06-05-2025.jpg",Cutlass,CC0
Volkswagen,up!,Blauw metallic,missing,,,,
Volkswagen,up!,Rood metallic,missing,,,,
Volkswagen,up!,Groen metallic,missing,,,,
Volkswagen,up!,Bruin metallic,missing,,,,
Volvo,EX30,Zwart,herkleurd,images/volvo_ex30_zwart_herkleurd.jpg,https://commons.wikimedia.org/wiki/File:Volvo_EX30_Ultra_SEA_Crystal_White_(18).jpg,Damian B Oh,CC BY-SA 4.0
Volvo,EX30,Wit,ok,images/volvo_ex30_wit.jpg,https://commons.wikimedia.org/wiki/File:Volvo_EX30_Ultra_SEA_Crystal_White_(18).jpg,Damian B Oh,CC BY-SA 4.0
Volvo,EX30,Grijs metallic,herkleurd,images/volvo_ex30_grijs-metallic_herkleurd.jpg,https://commons.wikimedia.org/wiki/File:Volvo_EX30_Ultra_SEA_Crystal_White_(18).jpg,Damian B Oh,CC BY-SA 4.0
Volvo,EX30,Zilver metallic,herkleurd,images/volvo_ex30_zilver-metallic_herkleurd.jpg,https://commons.wikimedia.org/wiki/File:Volvo_EX30_Ultra_SEA_Crystal_White_(18).jpg,Damian B Oh,CC BY-SA 4.0
Volvo,EX30,Blauw metallic,ok,images/volvo_ex30_blauw-metallic.jpg,https://commons.wikimedia.org/wiki/File:Volvo_EX30_Extended_Range_Cloud_Blue_rear.jpg,Ethan Llamas,CC BY-SA 4.0
Volvo,EX30,Rood metallic,herkleurd,images/volvo_ex30_rood-metallic_herkleurd.jpg,https://commons.wikimedia.org/wiki/File:Volvo_EX30_Extended_Range_Cloud_Blue_rear.jpg,Ethan Llamas,CC BY-SA 4.0
Volvo,EX30,Groen metallic,herkleurd,images/volvo_ex30_groen-metallic_herkleurd.jpg,https://commons.wikimedia.org/wiki/File:Volvo_EX30_Extended_Range_Cloud_Blue_rear.jpg,Ethan Llamas,CC BY-SA 4.0
Volvo,EX30,Bruin metallic,herkleurd,images/volvo_ex30_bruin-metallic_herkleurd.jpg,https://commons.wikimedia.org/wiki/File:Volvo_EX30_Extended_Range_Cloud_Blue_rear.jpg,Ethan Llamas,CC BY-SA 4.0
Volvo,V60,Zwart,ok,images/volvo_v60_zwart.jpg,https://commons.wikimedia.org/wiki/File:Black_Volvo_V60_D4_side_view.jpg,Renée Kools,CC BY 4.0
Volvo,V60,Wit,ok,images/volvo_v60_wit.jpg,https://commons.wikimedia.org/wiki/File:Volvo_V60_Cross_Country_T5_AWD_SPA_Crystal_White.jpg,Damian B Oh,CC BY-SA 4.0
Volvo,V60,Grijs metallic,herkleurd,images/volvo_v60_grijs-metallic_herkleurd.jpg,https://commons.wikimedia.org/wiki/File:Volvo_V60_Cross_Country_T5_AWD_SPA_Crystal_White.jpg,Damian B Oh,CC BY-SA 4.0
Volvo,V60,Zilver metallic,ok,images/volvo_v60_zilver-metallic.jpg,"https://commons.wikimedia.org/wiki/File:Moscow,_Volvo_V60_(SPA)_silver,_Sept_2025_01.jpg",Retired electrician,CC0
Volvo,V60,Blauw metallic,ok,images/volvo_v60_blauw-metallic.jpg,"https://commons.wikimedia.org/wiki/File:2020_Volvo_V60_R-Design_in_Bursting_Blue_Metallic,_rear_right,_2024-10-03.jpg",Elise240SX,CC BY-SA 4.0
Volvo,V60,Rood metallic,herkleurd,images/volvo_v60_rood-metallic_herkleurd.jpg,"https://commons.wikimedia.org/wiki/File:2020_Volvo_V60_R-Design_in_Bursting_Blue_Metallic,_rear_right,_2024-10-03.jpg",Elise240SX,CC BY-SA 4.0
Volvo,V60,Groen metallic,herkleurd,images/volvo_v60_groen-metallic_herkleurd.jpg,"https://commons.wikimedia.org/wiki/File:2020_Volvo_V60_R-Design_in_Bursting_Blue_Metallic,_rear_right,_2024-10-03.jpg",Elise240SX,CC BY-SA 4.0
Volvo,V60,Bruin metallic,herkleurd,images/volvo_v60_bruin-metallic_herkleurd.jpg,"https://commons.wikimedia.org/wiki/File:2020_Volvo_V60_R-Design_in_Bursting_Blue_Metallic,_rear_right,_2024-10-03.jpg",Elise240SX,CC BY-SA 4.0
Volvo,XC40,Wit,ok,images/volvo_xc40_wit.jpg,https://commons.wikimedia.org/wiki/File:Volvo_XC40_B4_CMA_Crystal_White_Pearl_(2).jpg,Damian B Oh,CC BY-SA 4.0
Volvo,XC40,Grijs metallic,ok,images/volvo_xc40_grijs-metallic.jpg,"https://commons.wikimedia.org/wiki/File:Moscow,_Volvo_XC40_grey,_May_2026_01.jpg",Retired electrician,CC0
Volvo,XC40,Zilver metallic,ok,images/volvo_xc40_zilver-metallic.jpg,"https://commons.wikimedia.org/wiki/File:2019_Volvo_XC40_T5_Momentum_in_Bright_Silver_Metallic,_rear_left,_2025-09-22.jpg",Elise240SX,CC BY-SA 4.0
Volvo,XC40,Blauw metallic,ok,images/volvo_xc40_blauw-metallic.jpg,"https://commons.wikimedia.org/wiki/File:Volvo_XC40_in_Denim_Blue_Metallic,_rear_right.jpg",Benespit,CC BY-SA 4.0
Volvo,XC40,Rood metallic,ok,images/volvo_xc40_rood-metallic.jpg,"https://commons.wikimedia.org/wiki/File:2019_Volvo_XC40_T5_R-Design_AWD_in_Fusion_Red,_front_left.jpg",Mr.choppers,CC BY-SA 3.0
Volvo,XC40,Groen metallic,herkleurd,images/volvo_xc40_groen-metallic_herkleurd.jpg,"https://commons.wikimedia.org/wiki/File:Volvo_XC40_in_Denim_Blue_Metallic,_rear_right.jpg",Benespit,CC BY-SA 4.0
Volvo,XC40,Bruin metallic,herkleurd,images/volvo_xc40_bruin-metallic_herkleurd.jpg,"https://commons.wikimedia.org/wiki/File:Volvo_XC40_in_Denim_Blue_Metallic,_rear_right.jpg",Benespit,CC BY-SA 4.0
Volvo,XC40,Zwart,herkleurd,images/volvo_xc40_zwart_herkleurd.jpg,https://commons.wikimedia.org/wiki/File:Volvo_XC40_B4_CMA_Crystal_White_Pearl_(2).jpg,Damian B Oh,CC BY-SA 4.0
Volvo,XC60,Zwart,ok,images/volvo_xc60_zwart.jpg,"https://commons.wikimedia.org/wiki/File:2009_Volvo_XC60_SE_Lux_D5_AWD_-_2400cc_2.4_(205PS)_Diesel_-_Black_-_11-2024,_Front.jpg",Harvey Bold,CC0
Volvo,XC60,Wit,ok,images/volvo_xc60_wit.jpg,https://commons.wikimedia.org/wiki/File:White_Volvo_XC60_on_road_167.jpg,Kotivalo,CC BY-SA 4.0
Volvo,XC60,Grijs metallic,ok,images/volvo_xc60_grijs-metallic.jpg,https://commons.wikimedia.org/wiki/File:Volvo_XC60_SPA_FL1_B5_AWD_Misty_Grey_Metallic_diplomatic_01.jpg,Ethan Llamas,CC BY-SA 4.0
Volvo,XC60,Zilver metallic,herkleurd,images/volvo_xc60_zilver-metallic_herkleurd.jpg,https://commons.wikimedia.org/wiki/File:White_Volvo_XC60_on_road_167.jpg,Kotivalo,CC BY-SA 4.0
Volvo,XC60,Blauw metallic,ok,images/volvo_xc60_blauw-metallic.jpg,https://commons.wikimedia.org/wiki/File:Volvo_XC60_II_FL2_T8_AWD_Recharge_PHEV_Denim_Blue_Metallic_02.jpg,Ethan Llamas,CC BY-SA 4.0
Volvo,XC60,Rood metallic,herkleurd,images/volvo_xc60_rood-metallic_herkleurd.jpg,https://commons.wikimedia.org/wiki/File:Volvo_XC60_II_FL2_T8_AWD_Recharge_PHEV_Denim_Blue_Metallic_02.jpg,Ethan Llamas,CC BY-SA 4.0
Volvo,XC60,Groen metallic,herkleurd,images/volvo_xc60_groen-metallic_herkleurd.jpg,https://commons.wikimedia.org/wiki/File:Volvo_XC60_II_FL2_T8_AWD_Recharge_PHEV_Denim_Blue_Metallic_02.jpg,Ethan Llamas,CC BY-SA 4.0
Volvo,XC60,Bruin metallic,herkleurd,images/volvo_xc60_bruin-metallic_herkleurd.jpg,https://commons.wikimedia.org/wiki/File:Volvo_XC60_II_FL2_T8_AWD_Recharge_PHEV_Denim_Blue_Metallic_02.jpg,Ethan Llamas,CC BY-SA 4.0
Škoda,Enyaq,Wit,ok,images/skoda_enyaq_wit.jpg,"https://commons.wikimedia.org/wiki/File:2024_Skoda_Enyaq,_white.jpg",Ssu,CC BY-SA 4.0
Škoda,Enyaq,Grijs metallic,ok,images/skoda_enyaq_grijs-metallic.jpg,"https://commons.wikimedia.org/wiki/File:2024_Skoda_Enyaq,_grey.jpg",Ssu,CC BY-SA 4.0
Škoda,Enyaq,Zilver metallic,ok,images/skoda_enyaq_zilver-metallic.jpg,https://commons.wikimedia.org/wiki/File:2021_Skoda_Enyaq_-_Arctic_Silver_Metallic.jpg,Ssu,CC BY-SA 4.0
Škoda,Enyaq,Blauw metallic,ok,images/skoda_enyaq_blauw-metallic.jpg,https://commons.wikimedia.org/wiki/File:Skoda_Enyaq_iV_80_-_blue.jpg,Ssu,CC BY-SA 4.0
Škoda,Enyaq,Rood metallic,ok,images/skoda_enyaq_rood-metallic.jpg,https://commons.wikimedia.org/wiki/File:Skoda_Enyaq_iV_(red).jpg,Ssu,CC BY-SA 4.0
Škoda,Enyaq,Groen metallic,herkleurd,images/skoda_enyaq_groen-metallic_herkleurd.jpg,https://commons.wikimedia.org/wiki/File:Skoda_Enyaq_iV_80_-_blue.jpg,Ssu,CC BY-SA 4.0
Škoda,Enyaq,Bruin metallic,herkleurd,images/skoda_enyaq_bruin-metallic_herkleurd.jpg,https://commons.wikimedia.org/wiki/File:Skoda_Enyaq_iV_80_-_blue.jpg,Ssu,CC BY-SA 4.0
Škoda,Enyaq,Zwart,herkleurd,images/skoda_enyaq_zwart_herkleurd.jpg,"https://commons.wikimedia.org/wiki/File:2024_Skoda_Enyaq,_white.jpg",Ssu,CC BY-SA 4.0
Škoda,Fabia,Wit,ok,images/skoda_fabia_wit.jpg,https://commons.wikimedia.org/wiki/File:2013_Skoda_Fabia_Sochi_edition_white.jpg,Throwawayacc222,CC0
Škoda,Fabia,Grijs metallic,ok,images/skoda_fabia_grijs-metallic.jpg,https://commons.wikimedia.org/wiki/File:Skoda_Fabia_II_Facelift_Scout_Satin_Grey.jpg,Reflecs,CC BY-SA 3.0
Škoda,Fabia,Zilver metallic,ok,images/skoda_fabia_zilver-metallic.jpg,"https://commons.wikimedia.org/wiki/File:%C5%A0koda_Fabia_II_facelift_(silver,_front).JPG",Miloslav Rejha,CC BY-SA 3.0
Škoda,Fabia,Blauw metallic,ok,images/skoda_fabia_blauw-metallic.jpg,"https://commons.wikimedia.org/wiki/File:Moscow,_%C5%A0koda_Fabia_II_blue,_May_2026_01.jpg",Retired electrician,CC0
Škoda,Fabia,Rood metallic,ok,images/skoda_fabia_rood-metallic.jpg,https://commons.wikimedia.org/wiki/File:Red_%C5%A0koda_Fabia_II_Combi.JPG,"This image is a work by Miloslav Rejha (User:M.Rejha). When reusing, please credit me as: Miloslav Rejha, Wikimedia Commons.
I would appreciate being notified if you use my work outside Wikimedia. Do not copy this image illegally by ignoring the terms of the license below, as it is not in the public domain. If you would like special permission to use, license, or purchase the image please contact me. More of my work can be found in my photostream on Flickr.",CC BY-SA 3.0
Škoda,Fabia,Groen metallic,ok,images/skoda_fabia_groen-metallic.jpg,https://commons.wikimedia.org/wiki/File:%C5%A0koda_Fabia_(green).jpg,ИринаЯ,CC BY-SA 4.0
Škoda,Fabia,Bruin metallic,ok,images/skoda_fabia_bruin-metallic.jpg,https://commons.wikimedia.org/wiki/File:Fabia_III_Topaz_Brown.JPG,Rozcestnik.sk,CC BY-SA 4.0
Škoda,Fabia,Zwart,herkleurd,images/skoda_fabia_zwart_herkleurd.jpg,https://commons.wikimedia.org/wiki/File:2013_Skoda_Fabia_Sochi_edition_white.jpg,Throwawayacc222,CC0
Škoda,Kamiq,Zwart,herkleurd,images/skoda_kamiq_zwart_herkleurd.jpg,"https://commons.wikimedia.org/wiki/File:Blue_%C5%A0koda_Kamiq_(Skoda_Kamiq)_-_Granville_Road,_Gillingham,_Medway.jpg",Sunolafjagtenben-hur,CC0
Škoda,Kamiq,Wit,herkleurd,images/skoda_kamiq_wit_herkleurd.jpg,"https://commons.wikimedia.org/wiki/File:Blue_%C5%A0koda_Kamiq_(Skoda_Kamiq)_-_Granville_Road,_Gillingham,_Medway.jpg",Sunolafjagtenben-hur,CC0
Škoda,Kamiq,Grijs metallic,herkleurd,images/skoda_kamiq_grijs-metallic_herkleurd.jpg,"https://commons.wikimedia.org/wiki/File:Blue_%C5%A0koda_Kamiq_(Skoda_Kamiq)_-_Granville_Road,_Gillingham,_Medway.jpg",Sunolafjagtenben-hur,CC0
Škoda,Kamiq,Zilver metallic,herkleurd,images/skoda_kamiq_zilver-metallic_herkleurd.jpg,"https://commons.wikimedia.org/wiki/File:Blue_%C5%A0koda_Kamiq_(Skoda_Kamiq)_-_Granville_Road,_Gillingham,_Medway.jpg",Sunolafjagtenben-hur,CC0
Škoda,Kamiq,Blauw metallic,ok,images/skoda_kamiq_blauw-metallic.jpg,"https://commons.wikimedia.org/wiki/File:Blue_%C5%A0koda_Kamiq_(Skoda_Kamiq)_-_Granville_Road,_Gillingham,_Medway.jpg",Sunolafjagtenben-hur,CC0
Škoda,Kamiq,Rood metallic,herkleurd,images/skoda_kamiq_rood-metallic_herkleurd.jpg,"https://commons.wikimedia.org/wiki/File:Blue_%C5%A0koda_Kamiq_(Skoda_Kamiq)_-_Granville_Road,_Gillingham,_Medway.jpg",Sunolafjagtenben-hur,CC0
Škoda,Kamiq,Groen metallic,herkleurd,images/skoda_kamiq_groen-metallic_herkleurd.jpg,"https://commons.wikimedia.org/wiki/File:Blue_%C5%A0koda_Kamiq_(Skoda_Kamiq)_-_Granville_Road,_Gillingham,_Medway.jpg",Sunolafjagtenben-hur,CC0
Škoda,Kamiq,Bruin metallic,herkleurd,images/skoda_kamiq_bruin-metallic_herkleurd.jpg,"https://commons.wikimedia.org/wiki/File:Blue_%C5%A0koda_Kamiq_(Skoda_Kamiq)_-_Granville_Road,_Gillingham,_Medway.jpg",Sunolafjagtenben-hur,CC0
Škoda,Karoq,Wit,herkleurd,images/skoda_karoq_wit_herkleurd.jpg,"https://commons.wikimedia.org/wiki/File:Moscow,_Skoda_Karoq_grey,_Sept_2025_03.jpg",Retired electrician,CC0
Škoda,Karoq,Grijs metallic,ok,images/skoda_karoq_grijs-metallic.jpg,"https://commons.wikimedia.org/wiki/File:Moscow,_Skoda_Karoq_grey,_Sept_2025_03.jpg",Retired electrician,CC0
Škoda,Karoq,Zilver metallic,herkleurd,images/skoda_karoq_zilver-metallic_herkleurd.jpg,"https://commons.wikimedia.org/wiki/File:Moscow,_Skoda_Karoq_grey,_Sept_2025_03.jpg",Retired electrician,CC0
Škoda,Karoq,Blauw metallic,ok,images/skoda_karoq_blauw-metallic.jpg,https://commons.wikimedia.org/wiki/File:2021_SKODA_Karoq_1.5_TSI_blue_front_view_in_Brunei.jpg,AIMHO'S REBELLION 8490s,CC BY-SA 4.0
Škoda,Karoq,Rood metallic,ok,images/skoda_karoq_rood-metallic.jpg,https://commons.wikimedia.org/wiki/File:2021_Skoda_Karoq_Ambition_1.5_TSi_red_front_view_in_Brunei.jpg,AIMHO'S REBELLION 8490s,CC BY-SA 4.0
Škoda,Karoq,Groen metallic,ok,images/skoda_karoq_groen-metallic.jpg,"https://commons.wikimedia.org/wiki/File:Moscow,_Skoda_Karoq_green,_Sept_2025_01-1.jpg",Retired electrician,CC0
Škoda,Karoq,Bruin metallic,herkleurd,images/skoda_karoq_bruin-metallic_herkleurd.jpg,https://commons.wikimedia.org/wiki/File:2021_SKODA_Karoq_1.5_TSI_blue_front_view_in_Brunei.jpg,AIMHO'S REBELLION 8490s,CC BY-SA 4.0
Škoda,Karoq,Zwart,herkleurd,images/skoda_karoq_zwart_herkleurd.jpg,"https://commons.wikimedia.org/wiki/File:Moscow,_Skoda_Karoq_grey,_Sept_2025_03.jpg",Retired electrician,CC0
Škoda,Kodiaq,Zwart,ok,images/skoda_kodiaq_zwart.jpg,"https://commons.wikimedia.org/wiki/File:Moscow,_Skoda_Kodiaq_black,_May_2026_01.jpg",Retired electrician,CC0
Škoda,Kodiaq,Wit,ok,images/skoda_kodiaq_wit.jpg,https://commons.wikimedia.org/wiki/File:White_%C5%A0koda_Kodiaq_side_view.jpg,Renée Kools,CC BY 4.0
Škoda,Kodiaq,Grijs metallic,herkleurd,images/skoda_kodiaq_grijs-metallic_herkleurd.jpg,https://commons.wikimedia.org/wiki/File:White_%C5%A0koda_Kodiaq_side_view.jpg,Renée Kools,CC BY 4.0
Škoda,Kodiaq,Zilver metallic,ok,images/skoda_kodiaq_zilver-metallic.jpg,https://commons.wikimedia.org/wiki/File:2021_SKODA_Kodiaq_1.4_Ambition_silver_front_view_in_Brunei.jpg,AIMHO'S REBELLION 8490s,CC BY-SA 4.0
Škoda,Kodiaq,Blauw metallic,herkleurd,images/skoda_kodiaq_blauw-metallic_herkleurd.jpg,https://commons.wikimedia.org/wiki/File:2020_Skoda_Kodiaq_green.jpg,Throwawayacc222,CC0
Škoda,Kodiaq,Rood metallic,herkleurd,images/skoda_kodiaq_rood-metallic_herkleurd.jpg,https://commons.wikimedia.org/wiki/File:2020_Skoda_Kodiaq_green.jpg,Throwawayacc222,CC0
Škoda,Kodiaq,Groen metallic,ok,images/skoda_kodiaq_groen-metallic.jpg,https://commons.wikimedia.org/wiki/File:2020_Skoda_Kodiaq_green.jpg,Throwawayacc222,CC0
Škoda,Kodiaq,Bruin metallic,herkleurd,images/skoda_kodiaq_bruin-metallic_herkleurd.jpg,https://commons.wikimedia.org/wiki/File:2020_Skoda_Kodiaq_green.jpg,Throwawayacc222,CC0
Škoda,Octavia Combi,Zwart,ok,images/skoda_octavia-combi_zwart.jpg,https://commons.wikimedia.org/wiki/File:%C5%A0koda_Octavia_II_Combi_black.JPG,Thomas doerfer,CC BY-SA 3.0
Škoda,Octavia Combi,Wit,herkleurd,images/skoda_octavia-combi_wit_herkleurd.jpg,https://commons.wikimedia.org/wiki/File:Geneva_MotorShow_2013_-_Skoda_Octavia_Combi_grey_2.jpg,Clément Bucco-Lechat,CC BY-SA 3.0
Škoda,Octavia Combi,Grijs metallic,ok,images/skoda_octavia-combi_grijs-metallic.jpg,https://commons.wikimedia.org/wiki/File:Geneva_MotorShow_2013_-_Skoda_Octavia_Combi_grey_2.jpg,Clément Bucco-Lechat,CC BY-SA 3.0
Škoda,Octavia Combi,Zilver metallic,herkleurd,images/skoda_octavia-combi_zilver-metallic_herkleurd.jpg,https://commons.wikimedia.org/wiki/File:Geneva_MotorShow_2013_-_Skoda_Octavia_Combi_grey_2.jpg,Clément Bucco-Lechat,CC BY-SA 3.0
Škoda,Octavia Combi,Blauw metallic,herkleurd,images/skoda_octavia-combi_blauw-metallic_herkleurd.jpg,"https://commons.wikimedia.org/wiki/File:Skoda_Octavia_Combi_2.0_TDI_Green_tec_RS_(III)_%E2%80%93_Heckansicht,_26._Dezember_2013,_D%C3%BCsseldorf.jpg",M 93,CC BY-SA 3.0 de
Škoda,Octavia Combi,Rood metallic,herkleurd,images/skoda_octavia-combi_rood-metallic_herkleurd.jpg,"https://commons.wikimedia.org/wiki/File:Skoda_Octavia_Combi_2.0_TDI_Green_tec_RS_(III)_%E2%80%93_Heckansicht,_26._Dezember_2013,_D%C3%BCsseldorf.jpg",M 93,CC BY-SA 3.0 de
Škoda,Octavia Combi,Groen metallic,ok,images/skoda_octavia-combi_groen-metallic.jpg,"https://commons.wikimedia.org/wiki/File:Skoda_Octavia_Combi_2.0_TDI_Green_tec_RS_(III)_%E2%80%93_Heckansicht,_26._Dezember_2013,_D%C3%BCsseldorf.jpg",M 93,CC BY-SA 3.0 de
Škoda,Octavia Combi,Bruin metallic,herkleurd,images/skoda_octavia-combi_bruin-metallic_herkleurd.jpg,"https://commons.wikimedia.org/wiki/File:Skoda_Octavia_Combi_2.0_TDI_Green_tec_RS_(III)_%E2%80%93_Heckansicht,_26._Dezember_2013,_D%C3%BCsseldorf.jpg",M 93,CC BY-SA 3.0 de
Škoda,Scala,Wit,missing,,,,
Škoda,Scala,Grijs metallic,missing,,,,
Škoda,Scala,Zilver metallic,missing,,,,
Škoda,Scala,Blauw metallic,missing,,,,
Škoda,Scala,Rood metallic,missing,,,,
Škoda,Scala,Groen metallic,missing,,,,
Škoda,Scala,Bruin metallic,missing,,,,
Škoda,Scala,Zwart,onbekende-kleur,images/skoda_scala_zwart.jpg,https://commons.wikimedia.org/wiki/File:%C5%A0KODA_SCALA_WP4.jpg,ŠKODA AUTO,CC BY 3.0
Škoda,Superb Combi,Wit,missing,,,,
Škoda,Superb Combi,Grijs metallic,missing,,,,
Škoda,Superb Combi,Zilver metallic,missing,,,,
Škoda,Superb Combi,Blauw metallic,missing,,,,
Škoda,Superb Combi,Rood metallic,missing,,,,
Škoda,Superb Combi,Groen metallic,missing,,,,
Škoda,Superb Combi,Bruin metallic,missing,,,,
Škoda,Superb Combi,Zwart,onbekende-kleur,images/skoda_superb-combi_zwart.jpg,"https://commons.wikimedia.org/wiki/File:DSC00742_Alfa_Romeo_Giulia_and_%C5%A0koda_Superb_Combi,_Polizia_di_Stato,_Italian-German_Livery.jpg",Aciarium,CC BY 4.0
